FirstPerson,InnerThinking,ThinkPositive,ThinkNegative,ThinkAhead,ThinkBack,Reasoning,Share_SocTies,Direct_Activity,Interacting,Notifying,LinearGuidance,WordPicture,SpaceInterval,Motion,PastEvents,TimeInterval,ShiftingEvents,Text_Coverage,Genre,Counter,class
0.009267,0.125471,0.154062,0.10855,0.355873,0.206357,0.077313,0.208554,0.093555,0,0.132593,0.273907,0.18611,0.092962,0.090564,0.238626,0.187678,0.236077,0.262377,0.600311,0,101
0.014743,0.109598,0.099466,0.106872,0.332559,0.320249,0.116454,0.234768,0.045079,0.01441,0.091471,0.190429,0.173036,0.074619,0.071246,0.170888,0.172723,0.263721,0.177341,0.661159,0.001325,101
0.003956,0.120506,0.076534,0.170599,0.23822,0.270263,0.123393,0.266701,0.031823,0.012566,0.229505,0.252108,0.213664,0.074151,0.042248,0.205547,0.218525,0.236455,0.292706,0.576561,0.002311,101
0,0.210722,0.204144,0.351278,0.167045,0.287794,0.295668,0.270809,0.03832,0.021321,0.165368,0.138707,0.099404,0.071811,0.020811,0.150135,0.176909,0.216999,0.25753,0.53647,0.003225,101
0.026294,0.168911,0.091309,0.092074,0.372469,0.230311,0.154099,0.159564,0.084228,0.026456,0.191762,0.300402,0.104146,0.091302,0.088948,0.128219,0.20579,0.288173,0.248191,0.589595,0.004726,101
0.02688,0.076019,0.176017,0.143663,0.299558,0.163238,0.135841,0.196667,0.058707,0.03709,0.149218,0.348916,0.222491,0.105991,0.067547,0.138595,0.152295,0.250571,0.292805,0.602725,0.006039,101
0.018281,0.084718,0.152568,0.159735,0.294688,0.235093,0.125858,0.269537,0.042744,0.030542,0.261722,0.206787,0.15187,0.113536,0.091876,0.120689,0.142298,0.28176,0.217713,0.626915,0.007538,101
0,0.279344,0.132852,0.203404,0.452738,0.179124,0.167492,0.163456,0.024814,0.009798,0.2491,0.116238,0.175145,0.146147,0.105886,0.057412,0.13326,0.220814,0.252421,0.545901,0.007658,101
0.015122,0.065983,0.078018,0.16536,0.207103,0.314356,0.055229,0.148388,0.017615,0.003478,0.200815,0.188879,0.189709,0.197575,0.087693,0.217592,0.290433,0.110487,0.179559,0.678161,0.010872,101
0.004181,0.155927,0.056629,0.148602,0.36858,0.253931,0.151204,0.221081,0.100913,0.00625,0.208569,0.246207,0.144999,0.07518,0.065672,0.180332,0.2088,0.157494,0.246019,0.609434,0.010992,101
0.025949,0.124756,0.154472,0.108398,0.177689,0.039396,0,0.056956,0.024559,0,0.245731,0.122232,0.187935,0.384842,0.298446,0.280032,0.110887,0.303998,0.203846,0.581845,0.01166,101
0.044011,0.140664,0.236732,0.221364,0.158549,0.085302,0.127178,0.074397,0.030133,0.014698,0.132508,0.274004,0.098402,0.328133,0.188253,0.26956,0.208085,0.285234,0.277575,0.545932,0.012035,101
0.055464,0.204468,0.202468,0.140408,0.137,0.127105,0.123639,0.026934,0,0.014079,0.225087,0.156006,0.169791,0.353893,0.218271,0.280583,0.052257,0.253639,0.219834,0.610105,0.014672,101
0.017567,0.068387,0.125289,0.168356,0.25974,0.172577,0.131216,0.205828,0.041076,0.010041,0.166698,0.264574,0.232815,0.135987,0.210339,0.189004,0.114814,0.301226,0.273484,0.602452,0.015695,101
0.03594,0.116239,0.226899,0.120852,0.181595,0.169437,0.193195,0.155574,0.037595,0.017673,0.23956,0.238481,0.131189,0.153405,0.171121,0.2467,0.129878,0.390309,0.274848,0.551389,0.01547,101
0.023208,0.052415,0.224509,0.074139,0.374719,0.042283,0.107628,0.05194,0.070288,0.017347,0.167488,0.190995,0.260951,0.245039,0.148718,0.075973,0.11879,0.235642,0.17549,0.67652,0.020336,101
0.039045,0.078301,0.277747,0.039686,0.245763,0.089816,0.009145,0.095326,0.082864,0.025646,0.164076,0.142285,0.306849,0.128543,0.145688,0.11312,0.175771,0.317768,0.168609,0.689789,0.022117,101
0.010016,0.05129,0.280979,0.031996,0.275351,0.12165,0.022118,0.106472,0.028438,0,0.138184,0.173455,0.308904,0.053641,0.062922,0.076763,0.228191,0.237832,0.121276,0.729898,0.024866,101
0.013644,0.058434,0.046028,0.191116,0.122748,0.133854,0.082283,0.083388,0.099336,0.006276,0.158917,0.219868,0.291615,0.216817,0.076488,0.239963,0.175579,0.402208,0.254061,0.611906,0.022073,101
0.004127,0.081281,0.101134,0.196099,0.115254,0.200493,0.058098,0.101594,0.007811,0.003084,0.202927,0.21555,0.230272,0.061569,0.108888,0.369894,0.197059,0.354806,0.239346,0.601481,0.022902,101
0.020113,0.067224,0.103768,0.236561,0.126067,0.277599,0.080756,0.120716,0.044993,0.008883,0.19405,0.194552,0.22557,0.166472,0.089597,0.280272,0.124403,0.443162,0.274063,0.532991,0.021362,101
0.004407,0.102997,0.071049,0.175968,0.246145,0.15388,0.099749,0.239161,0.016683,0,0.16213,0.242382,0.275066,0.155092,0.138423,0.258745,0.14166,0.162375,0.266674,0.642284,0.02703,101
0.015088,0.1017,0.120009,0.14259,0.162408,0.156533,0.09024,0.219487,0.02856,0.015976,0.15479,0.218098,0.218799,0.096198,0.15798,0.228664,0.194638,0.185317,0.172991,0.73303,0.032318,101
0,0.019842,0.021927,0.114647,0.179689,0.266701,0.012514,0.190229,0,0,0.204473,0.153354,0.302497,0.141626,0.059333,0.224758,0.119082,0.491835,0.235371,0.550608,0.025379,101
0.033549,0.133672,0.038795,0.192169,0.175677,0.175635,0.06259,0.165697,0.045985,0.006917,0.055657,0.250029,0.202283,0.177018,0.122096,0.246452,0.167526,0.329641,0.202901,0.674438,0.032438,101
0,0.121578,0.109152,0.043731,0.167266,0.143597,0.164896,0.082163,0.021201,0.015813,0.269437,0.149661,0.242196,0.230422,0.09382,0.146143,0.205078,0.240489,0.153684,0.725543,0.03635,101
0.032668,0.157855,0.106745,0.264377,0.288915,0.125648,0.208011,0.225427,0.078326,0.017092,0.166418,0.244406,0.11626,0.086647,0.046519,0.208223,0.131865,0.253227,0.230944,0.634852,0.033078,101
0.010172,0.195896,0.090383,0.046937,0.138098,0.089229,0.260824,0.103708,0.027812,0,0.223906,0.246783,0.208556,0.181593,0.085205,0.200848,0.170728,0.303549,0.229587,0.658923,0.035653,101
0.031037,0.07716,0.328266,0.069404,0.21309,0.078536,0.100526,0.159761,0.082249,0.023199,0.152253,0.22475,0.352674,0.14881,0.13259,0.092462,0.142071,0.271081,0.284682,0.603155,0.033844,101
0.094369,0.211478,0.140653,0.115561,0.188515,0.108251,0.179455,0.070399,0.059543,0.020377,0.273009,0.159217,0.270613,0.187723,0.079048,0.132939,0.168861,0.33656,0.275391,0.611303,0.035526,101
0.004477,0.095241,0.155926,0.037545,0.339966,0.098567,0.09146,0.154063,0.036019,0.027609,0.304114,0.138332,0.302999,0.157578,0.163145,0.054672,0.138341,0.241968,0.206842,0.652579,0.039233,101
0.110687,0.212276,0.330067,0.126515,0.230429,0.117172,0.126702,0.179539,0.103797,0.049335,0.170998,0.205408,0.266774,0.127417,0.165869,0.126637,0.074795,0.186255,0.308053,0.592025,0.036779,101
0.03809,0.13645,0.196517,0.060839,0.190934,0.166074,0.10784,0.197813,0.024033,0.00657,0.23218,0.232737,0.276282,0.221182,0.095717,0.251711,0.163381,0.246311,0.321622,0.569394,0.036514,101
0.003665,0.199208,0.269418,0.231203,0.252662,0.255927,0.201302,0.193755,0.022544,0.012326,0.287796,0.138096,0.11591,0.070093,0.050648,0.181844,0.21616,0.261053,0.262545,0.534108,0.035322,101
0.012215,0.344599,0.144043,0.220183,0.132493,0.108618,0.345844,0.419808,0.044589,0.014999,0.274079,0.146986,0.12102,0.050732,0.030695,0.044428,0.118722,0.102873,0.288092,0.508651,0.034657,101
0.00412,0.212044,0.140809,0.284588,0.311001,0.125089,0.25359,0.270828,0.120866,0.026943,0.301672,0.149537,0.078354,0.107164,0.033645,0.116661,0.102857,0.148421,0.219574,0.60043,0.042114,101
0,0.14838,0.114368,0.32443,0.316748,0.159667,0.122952,0.177676,0.017565,0.016183,0.150275,0.210271,0.158618,0.197212,0.05441,0.227154,0.154458,0.229634,0.247729,0.601101,0.043366,101
0.007578,0.17867,0.128155,0.153322,0.167553,0.230109,0.10413,0.062187,0.036658,0.014475,0.309791,0.138124,0.139802,0.316959,0.133305,0.233637,0.138755,0.435743,0.268243,0.4909,0.036399,101
0.068083,0.154038,0.286412,0.130496,0.140779,0.143122,0.252126,0.0504,0.065427,0.047756,0.106716,0.254245,0.235984,0.216373,0.171088,0.187223,0.105916,0.219561,0.286814,0.610652,0.046502,101
0.057008,0.178622,0.253555,0.078498,0.135538,0.199965,0.157367,0.103388,0.031629,0.012489,0.133523,0.276167,0.211531,0.106786,0.103739,0.311542,0.147246,0.31871,0.296192,0.573034,0.044786,101
0,0.250078,0.139203,0.267025,0.14221,0.231323,0.189264,0.235615,0.052073,0.013444,0.100315,0.179429,0.127197,0.098762,0.079766,0.259499,0.157187,0.277241,0.228897,0.616861,0.049448,101
0.034814,0.142956,0.111579,0.117954,0.173097,0.131338,0.136289,0.07083,0.015975,0.006308,0.170182,0.159608,0.25808,0.213087,0.119298,0.270795,0.221258,0.366263,0.25088,0.615046,0.050535,101
0.004309,0.162951,0.141726,0.125608,0.272653,0.209347,0.212916,0.148271,0.053017,0.010468,0.237802,0.146861,0.160293,0.191215,0.138061,0.120906,0.205761,0.299908,0.213525,0.628042,0.052861,101
0.01444,0.226371,0.114621,0.140167,0.316048,0.060713,0.271063,0.20261,0.046258,0.03238,0.334807,0.16498,0.122331,0.113884,0.036288,0.114284,0.19553,0.094594,0.207751,0.647607,0.055806,101
0.002771,0.164432,0.128646,0.203562,0.147497,0.132498,0.159839,0.220116,0.017044,0.004659,0.18034,0.07984,0.097821,0.077369,0.069622,0.086375,0.124514,0.181485,0.180674,0.807609,0.035606,102
0,0.135655,0.081473,0.11995,0.192337,0.247211,0.202263,0.134298,0.041183,0.014164,0.163869,0.130298,0.124789,0.09236,0.086421,0.086795,0.06659,0.09195,0.186374,0.818352,0.0369,102
0,0.136448,0.138895,0.187051,0.099857,0.145098,0.236318,0.201837,0.016561,0.022134,0.147618,0.161128,0.121929,0.107106,0.074416,0.114006,0.097464,0.15651,0.234433,0.784755,0.036171,102
0,0.152034,0.104612,0.189853,0.163539,0.180459,0.135875,0.19638,0.023822,0.044421,0.149397,0.147241,0.083759,0.082381,0.054467,0.079927,0.121328,0.162592,0.1913,0.815252,0.038393,102
0.002734,0.162969,0.123414,0.195404,0.156278,0.172246,0.191678,0.153721,0.040104,0.004597,0.166343,0.123853,0.134732,0.143274,0.066981,0.039064,0.093,0.165647,0.208857,0.796899,0.038328,102
0,0.105675,0.118123,0.155144,0.259159,0.257015,0.148616,0.163035,0.057783,0.006741,0.1345,0.085741,0.109067,0.05202,0.04533,0.055517,0.090943,0.177245,0.157074,0.808964,0.039718,102
0,0.176439,0.10515,0.188585,0.222035,0.093895,0.159078,0.212332,0.041238,0.009455,0.165082,0.128915,0.085666,0.05377,0.070642,0.066461,0.081593,0.131203,0.17719,0.819445,0.041054,102
0.087644,0.171455,0.226089,0.122744,0.202868,0.11185,0.154276,0.108733,0.030054,0.067407,0.102451,0.23159,0.133743,0.073858,0.060646,0.114181,0.102278,0.232974,0.288566,0.740524,0.037842,102
0.042274,0.133913,0.175504,0.136099,0.129131,0.248702,0.094084,0.101261,0.011253,0.052826,0.112161,0.12702,0.135211,0.201135,0.092952,0.148955,0.103075,0.231485,0.23052,0.770173,0.040129,102
0.051035,0.232759,0.116653,0.086675,0.158993,0.051001,0.248228,0.111324,0.042798,0.042491,0.17917,0.186879,0.139027,0.087977,0.12013,0.096002,0.116939,0.194659,0.279793,0.753245,0.040002,102
0.026465,0.136806,0.199421,0.146838,0.222465,0.143802,0.108428,0.132486,0.034275,0.004685,0.08771,0.139717,0.10158,0.119357,0.105008,0.072376,0.070425,0.232668,0.173411,0.812058,0.043939,102
0.012036,0.084779,0.178977,0.076894,0.189071,0.101036,0.126637,0.16478,0.012061,0.020108,0.204368,0.140458,0.14254,0.037916,0.03736,0.139788,0.090149,0.185502,0.186573,0.825484,0.045492,102
0.002701,0.138314,0.229928,0.11001,0.156759,0.06356,0.142405,0.12694,0.044734,0.031291,0.209254,0.11563,0.203218,0.055795,0.142534,0.08561,0.075024,0.194621,0.230972,0.787329,0.044179,102
0,0.201543,0.128444,0.218442,0.14717,0.159253,0.186925,0.101033,0.016336,0.021833,0.117429,0.159675,0.152362,0.094475,0.123454,0.08624,0.094482,0.200046,0.240901,0.774091,0.044211,102
0.085275,0.159806,0.151346,0.099158,0.256019,0.043501,0.168731,0.216801,0.050361,0.048441,0.178589,0.128541,0.110399,0.055326,0.015429,0.059552,0.084314,0.172048,0.218244,0.795445,0.046228,102
0.046334,0.169227,0.088265,0.124105,0.226454,0.140692,0.117276,0.193831,0.022938,0.060206,0.132138,0.114956,0.145019,0.053447,0.046574,0.0563,0.127255,0.100393,0.200136,0.831161,0.049137,102
0.030144,0.136016,0.109573,0.100674,0.267869,0.081131,0.173986,0.219255,0.062246,0.060424,0.163836,0.101751,0.135921,0.070238,0.05337,0.055533,0.067567,0.195218,0.211201,0.798824,0.048025,102
0.034658,0.149266,0.06616,0.170502,0.181487,0.067352,0.120162,0.28156,0.041986,0.037303,0.227558,0.123692,0.09236,0.059397,0.04703,0.058348,0.098648,0.143028,0.195233,0.808224,0.0494,102
0.037857,0.219404,0.154906,0.277317,0.167478,0.095132,0.203958,0.22934,0.035829,0.028296,0.129306,0.106707,0.152541,0.108865,0.063968,0.004748,0.064372,0.064134,0.243123,0.761057,0.04728,102
0,0.217041,0.121137,0.260374,0.14754,0.193512,0.212585,0.126863,0.044443,0.026073,0.132897,0.141643,0.08854,0.112915,0.050573,0.059257,0.06951,0.142817,0.208305,0.782194,0.049377,102
0,0.199595,0.090202,0.262395,0.156618,0.184305,0.214172,0.20007,0.038713,0.019232,0.21379,0.099084,0.069883,0.080763,0.014921,0.067877,0.089776,0.1491,0.201616,0.769271,0.049332,102
0,0.246675,0.207597,0.165415,0.130107,0.164241,0.184271,0.233986,0.037458,0.017256,0.244553,0.084078,0.047689,0.053496,0.036467,0.034275,0.100464,0.149073,0.182985,0.769129,0.050094,102
0.050696,0.202074,0.0842,0.185245,0.113948,0.044283,0.246147,0.245569,0.034178,0.068518,0.142493,0.108147,0.08261,0.073324,0.045374,0.096709,0.089299,0.086434,0.20943,0.809755,0.053551,102
0.00907,0.173691,0.138582,0.166041,0.057237,0.108042,0.157152,0.065579,0.02245,0.010951,0.090827,0.131071,0.233139,0.100352,0.10344,0.100055,0.12542,0.191947,0.224756,0.813491,0.054613,102
0,0.245662,0.091298,0.252722,0.153836,0.107466,0.152482,0.163849,0.017076,0.023859,0.143369,0.138064,0.086632,0.104064,0.059291,0.093031,0.05891,0.113645,0.192352,0.809153,0.055133,102
0.090547,0.176854,0.085767,0.21242,0.179041,0.092363,0.12966,0.188395,0.068289,0.038069,0.195195,0.133289,0.07374,0.037886,0.03733,0.058076,0.093609,0.118163,0.18769,0.824822,0.057027,102
0.066732,0.187422,0.14134,0.208689,0.169204,0.055456,0.161327,0.146202,0.039889,0.036227,0.151086,0.129241,0.083558,0.056968,0.060016,0.130668,0.114,0.128839,0.201776,0.819047,0.057448,102
0.006245,0.109882,0.136935,0.078137,0.09629,0.129579,0.118374,0.058235,0.011821,0.017504,0.146548,0.110172,0.089906,0.062114,0.096776,0.066522,0.037032,0.102272,0.132609,0.910215,0.04317,103
0,0.169475,0.109735,0.050545,0.06248,0.067734,0.151793,0.077787,0.029459,0.023265,0.104973,0.105509,0.090056,0.059535,0.056056,0.104048,0.084191,0.124034,0.149363,0.90732,0.043639,103
0.001996,0.131569,0.290919,0.095645,0.059229,0.051517,0.133889,0.0899,0.019835,0.006341,0.080497,0.110616,0.102986,0.052686,0.085269,0.091787,0.087836,0.102966,0.163321,0.872757,0.042559,103
0.030241,0.138183,0.256132,0.082918,0.060703,0.065807,0.114641,0.084034,0.012402,0.00339,0.124809,0.112284,0.104654,0.06324,0.10259,0.052901,0.072987,0.112252,0.160562,0.88151,0.043575,103
0.029577,0.166403,0.222427,0.134519,0.077002,0.057843,0.145576,0.112192,0.031314,0.03597,0.069518,0.129739,0.090818,0.090516,0.062987,0.046365,0.044433,0.095231,0.180559,0.876778,0.043927,103
0.003937,0.130279,0.265342,0.164294,0.048966,0.085181,0.117378,0.134376,0.007453,0.013611,0.107945,0.100096,0.087919,0.037654,0.111307,0.067512,0.070042,0.143463,0.166694,0.860775,0.0437,103
0,0.117803,0.220988,0.072147,0.02175,0.052024,0.117521,0.082498,0.003931,0.003104,0.14767,0.095525,0.080746,0.026217,0.091328,0.082551,0.090741,0.076522,0.118822,0.908062,0.046707,103
0.010439,0.112785,0.196189,0.061135,0.05553,0.096598,0.09111,0.06341,0.015995,0.017462,0.121686,0.149581,0.125362,0.091274,0.174877,0.080068,0.094944,0.136757,0.189268,0.869387,0.045299,103
0.010964,0.100361,0.175082,0.108407,0.034629,0.079264,0.098576,0.0777,0.0168,0.009755,0.113032,0.100397,0.067151,0.054324,0.1207,0.062394,0.076256,0.141927,0.11376,0.91312,0.048187,103
0.012147,0.117499,0.154067,0.141475,0.035338,0.099896,0.07824,0.065699,0.011496,0.010971,0.115309,0.147819,0.120839,0.078997,0.077585,0.090469,0.094778,0.154169,0.177657,0.88523,0.047307,103
0,0.132496,0.213362,0.075963,0.078501,0.050229,0.101028,0.095445,0.01957,0.012364,0.087779,0.097402,0.119941,0.034804,0.083137,0.07306,0.089702,0.093121,0.14502,0.90412,0.04892,103
0,0.087526,0.15411,0.028459,0.05031,0.108203,0.100103,0.066264,0.007935,0.001567,0.155724,0.090609,0.124012,0.054528,0.082963,0.049558,0.104673,0.101266,0.12298,0.916546,0.050205,103
0.00464,0.122384,0.127665,0.082341,0.062988,0.136184,0.104166,0.080184,0.021468,0.005009,0.140059,0.112847,0.107693,0.082827,0.072545,0.050359,0.070149,0.145207,0.146928,0.901633,0.04999,103
0.002075,0.121514,0.207414,0.083684,0.027164,0.055129,0.092789,0.103323,0.030439,0.007367,0.105701,0.10694,0.094412,0.046038,0.116016,0.074932,0.101671,0.064562,0.134965,0.907268,0.050909,103
0,0.07044,0.170321,0.083214,0.029712,0.029759,0.05069,0.026551,0.003905,0.004627,0.07956,0.047738,0.156324,0.143652,0.235912,0.008041,0.079205,0.103057,0.105818,0.902169,0.051225,103
0.014989,0.145382,0.123733,0.173177,0.113376,0.112268,0.148955,0.198479,0.028372,0.00971,0.114536,0.127093,0.061534,0.044343,0.092911,0.039461,0.048652,0.049094,0.171018,0.873866,0.050202,103
0,0.108029,0.095233,0.173529,0.075486,0.040035,0.119376,0.069637,0.007986,0.00473,0.097762,0.081251,0.145864,0.073437,0.027831,0.023019,0.078348,0.048365,0.127895,0.922399,0.053606,103
0.003602,0.132869,0.051629,0.07864,0.054498,0.065633,0.125962,0.108394,0.024245,0.008078,0.165392,0.071872,0.040716,0.042875,0.018106,0.052829,0.041475,0.107504,0.111845,0.933446,0.041154,104
0.001592,0.165978,0.022587,0.074378,0.065998,0.067677,0.14634,0.132719,0.051982,0.012792,0.138545,0.102784,0.027771,0.016443,0,0.031434,0.04273,0.066482,0.119935,0.92814,0.041385,104
0.034341,0.116709,0.088588,0.035492,0.050775,0.08342,0.092788,0.093583,0.009942,0.006341,0.089185,0.077692,0.10325,0.04513,0.02132,0.043665,0.079186,0.088658,0.128073,0.942158,0.042482,104
0,0.090847,0.026247,0.121885,0.038935,0.051095,0.202651,0.138813,0.019259,0.003802,0.149512,0.127952,0.033884,0.031737,0.029501,0.057341,0.074257,0.071776,0.145326,0.912577,0.041606,104
0.012887,0.117729,0.134987,0.14346,0.06271,0.074702,0.13496,0.156437,0.018479,0.015761,0.074599,0.131794,0.04875,0.035255,0.020607,0.081975,0.042413,0.047323,0.159959,0.910657,0.041974,104
0.07805,0.114123,0.148729,0.089584,0.088999,0.0262,0.088345,0.190036,0.012621,0.057164,0.043845,0.095854,0.062481,0.049813,0.038438,0.041574,0.065611,0.066799,0.164167,0.914631,0.042616,104
0.033229,0.102688,0.059805,0.225264,0.092399,0.059836,0.102819,0.13144,0.024867,0.059493,0.096229,0.140469,0.052459,0.063854,0.041752,0.028509,0.025083,0.080994,0.175042,0.901055,0.042435,104
0,0.125801,0.045339,0.062021,0.039953,0.069502,0.085749,0.070893,0.010058,0.005194,0.115098,0.085849,0.043295,0.051912,0.009244,0.079856,0.057149,0.074968,0.090617,0.95317,0.045366,104
0.003593,0.085975,0.131829,0.054842,0.098262,0.041218,0.054664,0.133581,0.051389,0.003879,0.112991,0.071687,0.064106,0.034822,0.00903,0.039831,0.127595,0.116381,0.117453,0.931045,0.04478,104
0.015941,0.098794,0.042149,0.131762,0.088342,0.124637,0.108246,0.143146,0.030173,0.006553,0.071617,0.108437,0.052095,0.039637,0.018026,0.035202,0.058705,0.075704,0.129361,0.929333,0.045163,104
0.008517,0.225707,0.082893,0.142227,0.08785,0.004702,0.168853,0.144695,0.035175,0.004919,0.098062,0.092901,0.006835,0.042061,0.034051,0.022128,0.029482,0.076081,0.13416,0.90283,0.044327,104
0,0.108097,0.100728,0.053922,0.065317,0.091394,0.098355,0.115151,0.00308,0.015809,0.091513,0.082499,0.044451,0.05228,0.044973,0.041846,0.059917,0.027976,0.097545,0.948517,0.047046,104
0.047931,0.109232,0.029339,0.044118,0.055303,0.028368,0.091047,0.062725,0.01384,0.044022,0.097138,0.046372,0.098173,0.150415,0.05512,0.007598,0.023326,0.071842,0.112135,0.947244,0.047457,104
0,0.083033,0.051239,0.056977,0.068633,0.059081,0.07967,0.175996,0.026855,0.007877,0.067685,0.071437,0.070369,0.047141,0.035652,0.106999,0.047062,0.029209,0.111361,0.9453,0.047833,104
0.010434,0.090209,0.076604,0.100632,0.070747,0.020715,0.110774,0.170189,0.006836,0.003899,0.090288,0.098963,0.034241,0.041142,0.030253,0.072146,0.030559,0.102519,0.112309,0.935816,0.047822,104
0.039028,0.085306,0.080339,0.059819,0.045416,0.033517,0.104033,0.21395,0.008954,0.065413,0.085907,0.148341,0.054019,0.024129,0.019813,0.084394,0.036419,0.034862,0.163333,0.919323,0.04744,104
0.106299,0.104631,0.131013,0.091811,0.082464,0.071727,0.097375,0.070047,0,0.051791,0.050139,0.071127,0.074137,0.078316,0.033638,0.081828,0.084536,0.132816,0.16162,0.918106,0.047837,104
0.002932,0.117707,0.099154,0.027575,0.047192,0.029673,0.114734,0.05103,0.016031,0.036033,0.072828,0.070763,0.05997,0.061308,0.110505,0.046715,0.047985,0.059745,0.118272,0.949524,0.03996,105
0.048336,0.082466,0.110463,0.027462,0.074744,0.034476,0.098145,0.070423,0.035001,0.029824,0.051872,0.058607,0.096267,0.059567,0.031793,0.042477,0.067632,0.115813,0.137309,0.945629,0.040175,105
0,0.139272,0.04549,0.12049,0.121983,0.061478,0.079327,0.086605,0.060577,0.01733,0.071625,0.030766,0.030473,0.01649,0.032825,0.016289,0.030983,0.052409,0.086279,0.951922,0.040824,105
0.019903,0.097339,0.143088,0.043256,0.037589,0.047556,0.118169,0.08142,0.010499,0.018047,0.105269,0.05515,0.031544,0.039942,0.071333,0.015597,0.058655,0.045953,0.095768,0.951113,0.04117,105
0.005607,0.112595,0.089333,0.006848,0.07599,0.057083,0.053168,0.045394,0.02185,0.029088,0.058337,0.067261,0.065294,0.031794,0.014089,0.064093,0.048996,0.093979,0.096139,0.961391,0.042001,105
0.001318,0.081691,0.105406,0.018948,0.079375,0.049028,0.063673,0.058998,0.019336,0.017487,0.069477,0.026114,0.081997,0.049919,0.028982,0.042121,0.040315,0.118721,0.086104,0.960558,0.042349,105
0,0.038042,0.006794,0.010517,0.048272,0,0.081429,0.011052,0.12339,0.009843,0.057303,0.03941,0.078603,0.091688,0.12079,0.045847,0.031237,0.090579,0.076452,0.959702,0.042696,105
0,0.052789,0.024039,0.021795,0.055768,0.032338,0.084151,0.039475,0.037167,0.003483,0.111141,0.061048,0.034133,0.099813,0.02258,0.041848,0.036146,0.064312,0.063434,0.970124,0.043549,105
0.011936,0.032041,0.107764,0.028597,0.00463,0.105706,0.019402,0.034874,0.013807,0.000991,0.045508,0.122185,0.041947,0.033991,0.096646,0.032388,0.033112,0.045608,0.06312,0.966457,0.043771,105
0.02266,0.068609,0.048139,0.025549,0.036645,0.052616,0.069542,0.057052,0.012615,0.012952,0.096194,0.039335,0.06121,0.048951,0.07704,0.040171,0.02288,0.060029,0.071567,0.971375,0.044383,105
0.002962,0.022471,0.058579,0.025232,0.020106,0.064956,0.04397,0.031671,0.008098,0.003198,0.032133,0.072224,0.130172,0.087121,0.071124,0.092001,0.029992,0.097012,0.104254,0.959344,0.044218,105
0,0.059003,0.16024,0.013722,0.077859,0.009029,0.030645,0.0403,0.02189,0.03334,0.070132,0.026367,0.080829,0.055615,0.061442,0.011331,0.041661,0.070342,0.069852,0.963143,0.044779,105
0.066569,0.052615,0.029176,0.011355,0.012409,0.021587,0.000714,0.008317,0.007952,0,0.07545,0.031519,0.105948,0.182958,0.021113,0.08362,0.033887,0.180988,0.095138,0.941985,0.044173,105
0,0.058266,0.054186,0.022542,0.038957,0.007973,0.021744,0.010651,0.108098,0.055196,0.052481,0.016188,0.154097,0.085879,0.094848,0.023875,0.033188,0.053749,0.105805,0.956726,0.045248,105
0,0.032923,0.01815,0.026563,0.097693,0.016509,0.018363,0,0.186454,0.004064,0.005883,0,0.186454,0.138494,0.078761,0.054839,0.044318,0.053422,0.117625,0.932268,0.044465,105
0.011913,0.020856,0.041828,0.014271,0.031191,0.031149,0.039826,0.02518,0.033197,0.006678,0.070706,0.023106,0.089575,0.142791,0.077334,0.077718,0.016937,0.091041,0.070772,0.964602,0.046394,105
0,0.070814,0.030244,0.028089,0.104027,0.021755,0.055377,0.059036,0.049315,0.034808,0.070047,0.01877,0.075699,0.058803,0.189863,0.05415,0.031305,0.071465,0.09464,0.949316,0.046039,105
0.002982,0.027149,0.033336,0.023287,0.052632,0.035214,0.045001,0.057842,0,0.000991,0.10409,0.055823,0.099443,0.079603,0.032474,0.072656,0.066598,0.060775,0.09177,0.965882,0.047229,105
0.001291,0.102026,0.082407,0.046386,0.073221,0.030374,0.129689,0.074743,0.040922,0.046307,0.038811,0.028254,0.08165,0.108626,0.101358,0.035545,0.06123,0.089833,0.130876,0.940602,0.04637,105
0,0.067735,0.078927,0.046768,0.086712,0.017981,0.095901,0.044545,0.049818,0.073032,0.094504,0.025342,0.085737,0.060913,0.036376,0.010257,0.043946,0.057109,0.104585,0.959005,0.047662,105
0,0.083533,0.117341,0.014113,0.125667,0.012918,0.046251,0.088984,0.049554,0.022992,0.085205,0.024664,0.095186,0.068101,0.032894,0.018024,0.051475,0.042873,0.101688,0.953923,0.047792,105
0.014074,0.062918,0.173086,0.058029,0.055988,0.02584,0.054209,0.121596,0.010532,0.007339,0.04122,0.082712,0.050077,0.02404,0.021385,0.065987,0.034731,0.040736,0.094457,0.954085,0.048182,105
0.055849,0.077193,0.10363,0.020867,0.067841,0.025785,0.055897,0.04678,0.013601,0.000976,0.082265,0.076381,0.097333,0.037982,0.036112,0.023419,0.089701,0.112321,0.119171,0.95205,0.048461,105
0,0.070514,0.110196,0.036424,0.0897,0.03901,0.08405,0.067208,0.107608,0.018005,0.078172,0.033997,0.098552,0.111563,0.121066,0.041055,0.053328,0.055754,0.133863,0.936247,0.048032,105
0,0.053543,0.04211,0.014367,0.033727,0.075868,0.035313,0.033551,0.008198,0,0.091926,0.029724,0.09074,0.080034,0.066974,0.039814,0.054066,0.053466,0.066405,0.971115,0.05021,105
0.007294,0.059204,0.083813,0.023829,0.028356,0.02718,0.047955,0.023372,0.016944,0.00223,0.068494,0.090578,0.047519,0.037033,0.029159,0.109562,0.071602,0.081439,0.080844,0.966415,0.050354,105
0,0.007026,0.003451,0.058761,0.026854,0.013202,0.037667,0.053517,0.093692,0.025497,0.025556,0.020202,0.088704,0.026611,0.049585,0.010774,0.107719,0.046007,0.053795,0.974901,0.051187,105
0,0.064999,0.053207,0.039743,0.107435,0.048711,0.092904,0.060814,0.024788,0.106691,0.105163,0.024494,0.031926,0.036571,0.010695,0.023816,0.118527,0.038603,0.097778,0.954346,0.05049,105
0,0.085604,0.053403,0.028342,0.061946,0.048891,0.08853,0.082733,0.058467,0.007614,0.095786,0.071931,0.054281,0.095032,0.010735,0.024245,0.071788,0.04305,0.102402,0.957863,0.05106,105
0,0.079561,0.119723,0.060231,0.0962,0.003915,0.060142,0.104228,0.035384,0.187899,0.077987,0.028399,0.033461,0.011836,0.025107,0.016412,0.041845,0.076004,0.116734,0.939496,0.050458,105
0.002957,0.052118,0.100866,0.065078,0.078574,0.05687,0.090338,0.06655,0.01928,0.02063,0.083227,0.044977,0.066708,0.060334,0.025597,0.025268,0.097626,0.047352,0.099456,0.957803,0.051825,105
0.002992,0.070199,0.040311,0.031863,0.049909,0.077735,0.096182,0.082593,0.005664,0.005219,0.082332,0.062277,0.040388,0.05291,0.010861,0.024532,0.039016,0.059892,0.069024,0.969167,0.052828,105
0,0.088244,0.049679,0.042428,0.049264,0.018148,0.068925,0.0431,0.035824,0.043927,0.099138,0.036066,0.062805,0.0503,0.066751,0.025534,0.04228,0.067426,0.081784,0.967889,0.053147,105
0,0.043595,0.059573,0.025125,0.035052,0.013211,0.036585,0.036702,0.01077,0.004253,0.117452,0.030233,0.078077,0.03124,0.039529,0.055998,0.043036,0.060291,0.054808,0.97561,0.053962,105
0,0.047964,0.033288,0.027482,0.072193,0.034159,0.140656,0.041468,0.035073,0.039569,0.071167,0.071145,0.071624,0.057212,0.014135,0.028883,0.023131,0.055269,0.094155,0.964496,0.053733,105
0,0.095521,0.063744,0.023155,0.087989,0.004002,0.115321,0.064887,0.01372,0.063534,0.041959,0.030492,0.059134,0.05344,0.028978,0.011641,0.077326,0.08417,0.091765,0.960404,0.05389,105
0.011664,0.083437,0.054449,0.058112,0.043145,0.053128,0.066238,0.047238,0.008937,0.006228,0.084101,0.081265,0.039107,0.018274,0.032802,0.038386,0.039525,0.04912,0.084809,0.971488,0.045751,106
0.002469,0.057644,0.025481,0.108248,0.059387,0.128302,0.039384,0.026097,0.013503,0.008203,0.078428,0.063863,0.06297,0.050801,0.045506,0.078698,0.019867,0.059312,0.098272,0.959767,0.04552,106
0.011071,0.111934,0.047123,0.049071,0.032369,0.063031,0.089542,0.054819,0.011526,0.015515,0.06188,0.055525,0.021522,0.019482,0.030603,0.03394,0.035243,0.099717,0.076221,0.968156,0.046241,106
0.001094,0.039642,0.071955,0.025334,0.046779,0.021589,0.043481,0.038251,0.016046,0.005314,0.078167,0.056376,0.135406,0.056072,0.048791,0.079857,0.071009,0.090463,0.128106,0.956575,0.046008,106
0.001105,0.035126,0.028516,0.027368,0.051615,0.044475,0.021055,0.027832,0.004708,0.005577,0.039888,0.03691,0.098854,0.090496,0.092365,0.060886,0.055201,0.104093,0.086865,0.966704,0.046818,106
0.02652,0.153359,0.080401,0.022271,0.072537,0.031546,0.066111,0.05262,0.028463,0.094,0.054549,0.04212,0.047576,0.037233,0.040535,0.016195,0.038909,0.059995,0.116576,0.956343,0.046635,106
0.002446,0.105914,0.131101,0.1146,0.078272,0.026407,0.078921,0.078157,0.018519,0.003656,0.071145,0.042171,0.059859,0.027447,0.028001,0.020617,0.063784,0.064979,0.11108,0.950655,0.046675,106
0,0.080457,0.084274,0.074543,0.050794,0.02084,0.083359,0.06359,0.008834,0.003488,0.048947,0.10178,0.079275,0.020164,0.023456,0.033094,0.052093,0.068336,0.117795,0.960295,0.047469,106
0.011708,0.044333,0.066727,0.052623,0.042774,0.08185,0.037881,0.032601,0.004639,0.005291,0.069738,0.110303,0.069127,0.032915,0.029422,0.093093,0.030592,0.153389,0.115431,0.952439,0.047399,106
0.00717,0.029548,0.066872,0.112764,0.042842,0.03182,0.057246,0.089183,0.010962,0.018345,0.044487,0.086501,0.052974,0.032915,0.029799,0.054165,0.036493,0.076775,0.100254,0.964659,0.04833,106
0,0.056327,0.027808,0.070638,0.087325,0.036089,0.060733,0.045157,0.015696,0.015908,0.06258,0.058054,0.080281,0.046101,0.032645,0.026713,0.069702,0.077855,0.100853,0.966853,0.048762,106
0.008268,0.134619,0.045501,0.026412,0.074083,0.06109,0.08338,0.034232,0.01565,0.013184,0.059668,0.088585,0.034753,0.040063,0.011774,0.03351,0.033718,0.061381,0.095443,0.964047,0.048943,106
0,0.104805,0.052613,0.037859,0.122195,0,0.059343,0.066308,0.053735,0.042643,0.069031,0.019703,0.067076,0.044282,0.032552,0.01919,0.040256,0.038816,0.095879,0.96409,0.049267,106
0,0.051789,0.050729,0.117236,0.062367,0.047938,0.06667,0.057648,0.016252,0.020081,0.092888,0.052342,0.028756,0.032634,0.027841,0.056704,0.026279,0.031751,0.079127,0.968857,0.049834,106
0,0.059915,0.054021,0.086702,0.06493,0.025937,0.068759,0.129808,0.011474,0.004531,0.097476,0.039702,0.046559,0.021503,0.027697,0.039516,0.046438,0.040612,0.089567,0.963847,0.049899,106
0,0.039707,0.03957,0.064314,0.045421,0.114779,0.035386,0.018391,0.004666,0.00348,0.053877,0.054951,0.067699,0.094306,0.077093,0.098776,0.04719,0.092406,0.097188,0.958153,0.049924,106
0.001118,0.014686,0.022361,0.03573,0.041487,0.041604,0.022539,0.030664,0.002117,0,0.039963,0.043389,0.096613,0.065036,0.037241,0.063929,0.029672,0.07693,0.066684,0.978115,0.051291,106
0.057714,0.024947,0.071236,0.060868,0.032295,0.038571,0.066165,0.034609,0.010977,0.013829,0.025009,0.097024,0.068831,0.030424,0.052045,0.065143,0.054813,0.075069,0.109037,0.965954,0.050975,106
0,0.063075,0.049481,0.05195,0.056772,0.05149,0.072132,0.075279,0.011576,0.007272,0.0771,0.05392,0.063448,0.015313,0.011876,0.0208,0.061773,0.035509,0.083335,0.972404,0.051641,106
0.00968,0.028182,0.049943,0.098514,0.029932,0.058787,0.055275,0.042091,0.013612,0.002687,0.045399,0.0866,0.051733,0.052479,0.033361,0.078754,0.029003,0.086964,0.090337,0.96747,0.051702,106
0,0.055144,0.009926,0.065412,0.015352,0.0676,0.059785,0.011687,0.006763,0.002671,0.070395,0.042039,0.068161,0.112292,0.043513,0.045986,0.054213,0.137732,0.084361,0.96142,0.0517,106
0.001102,0.046873,0.031975,0.113948,0.039425,0.075273,0.043187,0.025891,0.002085,0.005147,0.077953,0.064874,0.068888,0.062379,0.048452,0.067268,0.047797,0.073074,0.097669,0.9635,0.052133,106
0.018168,0.080386,0.053258,0.081341,0.093215,0.0443,0.087536,0.097645,0.027616,0.00823,0.084916,0.041036,0.01562,0.04507,0.017985,0.012301,0.035052,0.074832,0.08172,0.9629,0.052422,106
0.017534,0.031283,0.045232,0.0449,0.028177,0.042256,0.043639,0.043913,0.015278,0.013938,0.031901,0.053985,0.087156,0.080492,0.044063,0.071731,0.028839,0.056518,0.089475,0.973572,0.053329,106
0.016883,0.058438,0.05926,0.050397,0.038166,0.010925,0.092292,0.054199,0.008906,0.006413,0.086162,0.070249,0.096676,0.041081,0.011824,0.023298,0.025914,0.035354,0.10458,0.968151,0.053355,106
0.007359,0.038938,0.116715,0.047017,0.025691,0.070347,0.015649,0.01281,0.029923,0.001833,0.050139,0.040027,0.131979,0.075071,0.094519,0.085824,0.036748,0.07588,0.115426,0.953407,0.052861,106
0,0.122768,0.091082,0.056396,0.04252,0.029088,0.087945,0.045329,0.025386,0.003682,0.065067,0.035797,0.088816,0.052771,0.055024,0.031288,0.053304,0.071717,0.112544,0.95742,0.053403,106
0.012039,0.061796,0.049409,0.053756,0.081671,0.065636,0.05982,0.080526,0.013466,0.009817,0.041429,0.08158,0.063141,0.024284,0.015127,0.077912,0.033134,0.132635,0.111713,0.957123,0.053706,106
0.001111,0.02481,0.049458,0.034174,0.058201,0.072559,0.033135,0.038555,0.008941,0.0027,0.09751,0.046195,0.086193,0.040392,0.02374,0.032918,0.028444,0.089187,0.075029,0.971953,0.054863,106
0,0.055565,0.0632,0.019566,0.023812,0.048186,0.056255,0.041434,0.002108,0,0.046487,0.047057,0.077703,0.069865,0.058767,0.036455,0.047615,0.072036,0.075985,0.973856,0.055296,106
0.00592,0.081401,0.018741,0.079078,0.040391,0.156867,0.069818,0.012646,0.009168,0.00543,0.044547,0.113475,0.06718,0.041172,0.036512,0.083607,0.043668,0.137479,0.128034,0.941204,0.053756,106
0.010496,0.023502,0.100466,0.024706,0.055445,0.057032,0.035378,0.035544,0.017776,0.007019,0.048466,0.08373,0.057702,0.032967,0.023599,0.074344,0.054482,0.111274,0.087312,0.966184,0.055506,106
0.018836,0.065179,0.039301,0.036281,0.079296,0.019346,0.084111,0.076252,0.026216,0.004762,0.080746,0.053729,0.0581,0.039419,0.01253,0.015545,0.062937,0.057158,0.091095,0.968958,0.055988,106
0,0.012912,0.015854,0.012048,0.013166,0.04411,0.031463,0.02876,0.004759,0,0.083806,0.017649,0.141849,0.009832,0.040015,0.043838,0.021623,0.039345,0.064997,0.977209,0.056792,106
0,0.011117,0.022272,0.026247,0.033544,0.022834,0.028907,0.017141,0.002109,0.003331,0.055963,0.07918,0.078786,0.053272,0.081886,0.074674,0.040332,0.073888,0.075578,0.974234,0.056944,106
0.005701,0.043349,0.018209,0.029488,0.032225,0.05276,0.052161,0.011241,0.006681,0.008523,0.027276,0.106975,0.072122,0.139586,0.075047,0.139095,0.03152,0.086254,0.121656,0.949683,0.055826,106
0.002482,0.063449,0.064745,0.055948,0.043809,0.007537,0.07522,0.078391,0.009397,0.005566,0.144793,0.065724,0.048691,0.038827,0.031189,0.012898,0.026857,0.045167,0.087493,0.964767,0.057035,106
0.002201,0.074573,0.062464,0.047906,0.052352,0.035091,0.077475,0.022785,0.006771,0.005142,0.04283,0.047729,0.102242,0.053052,0.040796,0.062623,0.060457,0.097332,0.109018,0.962506,0.057223,106
0,0.092725,0.058169,0.056661,0.076319,0.064294,0.062549,0.104007,0.008849,0,0.063427,0.060653,0.029937,0.011361,0.002764,0.042294,0.107451,0.034225,0.090679,0.96191,0.057509,106
0.004738,0.055914,0.043134,0.089471,0.029187,0.050773,0.039387,0.079521,0.008968,0,0.075321,0.061776,0.025654,0.018763,0.021009,0.061108,0.031311,0.046551,0.063592,0.974833,0.058607,106
0,0.049971,0.097031,0.009719,0.029931,0.010917,0.007329,0.012379,0.043452,0.033489,0.097059,0.021611,0.067194,0.128656,0.045871,0.020982,0.027277,0.075186,0.066885,0.967456,0.058487,106
0.025803,0.091982,0.045318,0.110487,0.036893,0.03584,0.110021,0.052217,0.015587,0.008822,0.069139,0.064195,0.059189,0.050403,0.014485,0.023677,0.029128,0.072823,0.107649,0.960184,0.058368,106
0,0.052988,0.060058,0.029218,0.02806,0.03703,0.071917,0.040009,0.004722,0.007251,0.132562,0.027187,0.069084,0.022902,0.036914,0.052997,0.033563,0.075346,0.075398,0.969508,0.059258,106
0,0.052696,0.075187,0.046554,0.046962,0.030635,0.068078,0.040141,0.007427,0.007541,0.086453,0.027646,0.044293,0.012436,0.003521,0,0.02729,0.049567,0.040753,0.980327,0.060247,106
0,0.028736,0.031683,0.0807,0.075034,0.040684,0.046849,0.055287,0.016379,0.000835,0.027255,0.055844,0.056671,0.041859,0.006313,0.077452,0.021605,0.043884,0.067505,0.976421,0.060333,106
0.003592,0.032507,0.069139,0.099299,0.053534,0.052017,0.055831,0.046687,0.02092,0.009087,0.073896,0.063699,0.056792,0.032555,0.034022,0.062884,0.039668,0.079638,0.091175,0.966515,0.060044,106
0.065701,0.064127,0.080506,0.024924,0.075499,0.047381,0.074359,0.056365,0.004664,0.003478,0.115826,0.042479,0.071227,0.051943,0.035772,0.038122,0.040327,0.086076,0.111585,0.957599,0.05981,106
0,0.105993,0.072656,0.084296,0.090211,0.02574,0.092995,0.12515,0.013975,0.003679,0.076615,0.076225,0.02885,0.028871,0.002749,0.018755,0.017069,0.027764,0.098736,0.956523,0.060062,106
0.023048,0.079122,0.061907,0.09526,0.045622,0.066377,0.11229,0.051581,0.004048,0.008525,0.033623,0.049248,0.034157,0.02945,0.010748,0.023458,0.028773,0.034242,0.084678,0.969678,0.052468,107
0,0.061318,0.043378,0.026859,0.045704,0.018965,0.050927,0.104028,0.010003,0.004668,0.075803,0.038207,0.014338,0.026098,0.007847,0.034201,0.036586,0.020456,0.051645,0.980337,0.053325,107
0.006024,0.077456,0.010567,0.021169,0.042481,0.021219,0.045764,0.024807,0.020981,0.011347,0.036485,0.061695,0.05125,0.053096,0.02301,0.025793,0.032789,0.029202,0.065066,0.983382,0.053772,107
0.021057,0.058902,0.023193,0.046482,0.015693,0.042387,0.065572,0.035742,0.009405,0.004421,0.053567,0.060707,0.088808,0.098836,0.080859,0.068353,0.031309,0.032547,0.114435,0.965551,0.053074,107
0.003116,0.050856,0.05008,0.026032,0.030121,0.015283,0.049223,0.026015,0.007712,0.001433,0.042393,0.052199,0.071224,0.090219,0.051194,0.027896,0.029023,0.052594,0.074636,0.978102,0.054043,107
0.027198,0.048119,0.057238,0.027438,0.043727,0.042742,0.046364,0.036842,0.003613,0.017298,0.041863,0.079331,0.030787,0.021904,0.014989,0.063968,0.048847,0.107837,0.081396,0.973655,0.054076,107
0.008379,0.034957,0.085845,0.029827,0.02173,0.021809,0.055513,0.082513,0.005891,0.003042,0.040314,0.064481,0.030391,0.011723,0.015642,0.072898,0.024807,0.067436,0.066574,0.977033,0.054544,107
0,0.091145,0.021581,0.06605,0.021696,0.062419,0.07997,0.033434,0.005882,0.002323,0.061559,0.049807,0.054456,0.025603,0.013215,0.003726,0.047744,0.050105,0.074276,0.97548,0.054736,107
0.006218,0.072097,0.016657,0.020245,0.051761,0.047926,0.062053,0.048436,0.019917,0.002324,0.056175,0.074217,0.030458,0.027811,0.076922,0.019385,0.050156,0.047779,0.074419,0.975949,0.055042,107
0.004045,0.035245,0.048494,0.068415,0.04569,0.037573,0.07751,0.115298,0.007657,0.001601,0.071386,0.068047,0.023105,0.016385,0.005382,0.056877,0.023468,0.044425,0.080225,0.971115,0.055048,107
0.01067,0.094649,0.041594,0.093926,0.060013,0.071279,0.089278,0.073231,0,0.007975,0.057711,0.036267,0.017143,0.02177,0.018471,0.019713,0.057426,0.055916,0.079516,0.96766,0.055129,107
0.046071,0.0691,0.034919,0.062587,0.044768,0.040381,0.106722,0.036938,0.015733,0.02769,0.075946,0.055143,0.030046,0.023983,0.025661,0.034798,0.026978,0.080114,0.094513,0.969149,0.055491,107
0,0.045967,0.067237,0.083263,0.029217,0.015974,0.063632,0.066627,0.011768,0.008579,0.080194,0.075668,0.038797,0.016466,0.015623,0.017892,0.02209,0.023496,0.075001,0.975863,0.056155,107
0.01756,0.033901,0.024486,0.021605,0.021953,0.034587,0.057644,0.020978,0.001797,0.002306,0.049026,0.039715,0.096453,0.124185,0.046513,0.060912,0.033772,0.077723,0.096354,0.968424,0.056004,107
0.000954,0.071148,0.051678,0.117327,0.022896,0.011587,0.05609,0.048304,0,0.001426,0.066145,0.082076,0.030575,0.040872,0.028767,0.013879,0.027093,0.027339,0.075335,0.973277,0.056563,107
0.006491,0.052776,0.044649,0.043388,0.028533,0.026278,0.057068,0.064559,0.014106,0.001617,0.095246,0.045828,0.013742,0.02207,0.010873,0.024482,0.051617,0.024408,0.051305,0.981033,0.057295,107
0.022516,0.057117,0.058083,0.05165,0.030522,0.056732,0.054748,0.066473,0.011335,0.033838,0.052537,0.055753,0.034132,0.018326,0.009631,0.03485,0.024222,0.057271,0.077111,0.977532,0.05737,107
0.011438,0.052063,0.061468,0.051381,0.027035,0.040518,0.059724,0.069326,0.004059,0.000712,0.057321,0.065233,0.048877,0.035368,0.005389,0.042592,0.028557,0.101457,0.083319,0.972427,0.057349,107
0.00095,0.073581,0.073504,0.094437,0.026111,0.02884,0.092812,0.084228,0.012135,0.003904,0.056784,0.065137,0.029742,0.024707,0.016111,0.021715,0.021343,0.058328,0.083824,0.969022,0.057426,107
0.000961,0.063062,0.024779,0.037205,0.047784,0.048125,0.076893,0.047293,0.011818,0.006282,0.090048,0.032072,0.040072,0.03748,0.01569,0.018217,0.030278,0.010225,0.059685,0.979991,0.058356,107
0.017045,0.046652,0.044588,0.049848,0.052798,0.039363,0.065738,0.073605,0.009997,0.015252,0.050276,0.05428,0.021695,0.025347,0.016288,0.040914,0.026972,0.041673,0.06638,0.979703,0.05862,107
0.013362,0.076449,0.035086,0.059838,0.081635,0.028257,0.078251,0.090517,0.03523,0.006242,0.062128,0.032266,0.020762,0.019717,0.013192,0.020086,0.035151,0.043766,0.070464,0.973789,0.058544,107
0,0.064473,0.045412,0.084735,0.036541,0.059955,0.090885,0.088379,0.023415,0.021693,0.040395,0.050625,0.037798,0.016381,0.015543,0.035105,0.032371,0.050646,0.087387,0.970838,0.058645,107
0.003321,0.094196,0.033658,0.060247,0.041822,0.072033,0.0757,0.101405,0.010328,0.006383,0.079558,0.061527,0.022735,0.023595,0.032191,0.024407,0.033761,0.031856,0.086931,0.968127,0.058758,107
0,0.047324,0.019677,0.093279,0.024548,0.028951,0.088433,0.069083,0.008121,0.00392,0.106586,0.047819,0.008516,0.012036,0.007787,0.018578,0.041363,0.072606,0.059245,0.972767,0.059318,107
0.010962,0.072097,0.079305,0.075369,0.057821,0.023156,0.043418,0.060802,0.00812,0.009797,0.064748,0.052564,0.057699,0.016045,0.00539,0.027243,0.038676,0.05776,0.086689,0.972563,0.059584,107
0.026255,0.047638,0.054799,0.063286,0.021248,0.027541,0.032416,0.046473,0.007681,0.001427,0.032762,0.090344,0.044043,0.043828,0.020393,0.075405,0.03665,0.069576,0.088105,0.97407,0.059956,107
0.007629,0.0586,0.041819,0.036555,0.047438,0.111479,0.078443,0.050153,0.006318,0.003207,0.041831,0.070286,0.031866,0.038668,0.010783,0.032455,0.039285,0.046069,0.07632,0.972906,0.060163,107
0,0.070836,0.057781,0.066225,0.065301,0.035453,0.052358,0.089591,0.005864,0.015139,0.0934,0.048992,0.030348,0.025159,0.010778,0.010896,0.034804,0.038242,0.07639,0.972437,0.060412,107
0,0.058312,0.042774,0.03301,0.032298,0.027728,0.092073,0.048134,0.009552,0.013112,0.060868,0.046611,0.027373,0.039713,0.015701,0.030467,0.018,0.046438,0.058653,0.980696,0.061206,107
0.000953,0.045819,0.110059,0.046446,0.030787,0.031845,0.069216,0.050142,0.00406,0.000713,0.047556,0.069083,0.059611,0.025895,0.010182,0.053503,0.024697,0.050743,0.084036,0.972705,0.060986,107
0.02164,0.046712,0.042941,0.103693,0.036112,0.065708,0.053827,0.030069,0.013504,0.015463,0.062925,0.074853,0.036184,0.033477,0.017927,0.059557,0.038593,0.060751,0.091343,0.970458,0.061122,107
0.079215,0.092622,0.060209,0.076443,0.030041,0.033646,0.112197,0.052235,0.009818,0.040177,0.041701,0.042201,0.036071,0.033189,0.038509,0.036506,0.02796,0.072585,0.111445,0.962134,0.060874,107
0.017241,0.031946,0.054978,0.014534,0.031767,0.049444,0.051824,0.04207,0.001813,0.008412,0.054216,0.085065,0.050629,0.015756,0.015044,0.070177,0.037966,0.049412,0.081053,0.977249,0.06211,107
0.013563,0.060988,0.049105,0.053969,0.093866,0.022398,0.052809,0.135261,0.029726,0.005513,0.024916,0.036263,0.016303,0.028036,0.010763,0.015084,0.046043,0.051436,0.067605,0.971057,0.061994,107
0.020375,0.038022,0.022879,0.048242,0.047281,0.058957,0.039172,0.035139,0.005445,0.028308,0.062413,0.090731,0.012897,0.028243,0.027107,0.05879,0.036209,0.034545,0.072664,0.978251,0.062734,107
0.01155,0.053729,0.091206,0.059861,0.036617,0.072288,0.062463,0.024793,0.0058,0.005462,0.049697,0.076808,0.074208,0.054823,0.033762,0.07422,0.027366,0.088009,0.113003,0.961924,0.061962,107
0.005276,0.045594,0.0266,0.079286,0.02344,0.024757,0.051632,0.037031,0.015433,0.00466,0.083476,0.080135,0.031045,0.020916,0.018078,0.041368,0.024548,0.040056,0.068347,0.978633,0.063318,107
0.009824,0.042788,0.033378,0.020667,0.025513,0.069118,0.051855,0.02145,0.003628,0.004477,0.033228,0.076751,0.038876,0.034831,0.01987,0.075946,0.039185,0.07377,0.069631,0.977842,0.063547,107
0.054089,0.060086,0.039513,0.037463,0.043029,0.031249,0.043075,0.028388,0.004077,0.009123,0.033189,0.072418,0.0504,0.03003,0.01263,0.074864,0.02689,0.056439,0.086096,0.976715,0.063754,107
0.007093,0.032533,0.060988,0.042671,0.048695,0.115578,0.045683,0.023016,0.011635,0.003004,0.05152,0.052408,0.078506,0.077418,0.033864,0.051841,0.039844,0.0875,0.09663,0.964825,0.063254,107
0.009814,0.060347,0.051252,0.054292,0.06142,0.023259,0.066076,0.073928,0.020842,0.010556,0.079599,0.042051,0.031794,0.019047,0.008421,0.023881,0.045123,0.021168,0.070633,0.976866,0.064323,107
0.013609,0.077749,0.072678,0.038517,0.054595,0.015949,0.05668,0.083892,0.017625,0.00928,0.094937,0.045649,0.024788,0.006942,0.020999,0.006203,0.039046,0.033626,0.068369,0.974372,0.064437,107
0.00096,0.062028,0.069351,0.022237,0.056144,0.016035,0.044262,0.057749,0.026353,0.002332,0.055705,0.053342,0.021995,0.01359,0.01327,0.017461,0.080009,0.031447,0.056008,0.979585,0.065063,107
0.013886,0.054826,0.030881,0.060421,0.045134,0.054524,0.0534,0.038579,0.013142,0.011811,0.022699,0.082395,0.048808,0.026011,0.030082,0.057225,0.028394,0.035287,0.08393,0.977061,0.065175,107
0,0.052943,0.097974,0.043495,0.019179,0.032639,0.054859,0.079386,0.010399,0.000893,0.040561,0.041698,0.026004,0.032165,0.013806,0.042696,0.078724,0.0532,0.064767,0.974811,0.065304,107
0.100771,0.045687,0.040464,0.011009,0.032358,0.023815,0.034115,0.031382,0.003599,0.02558,0.040021,0.071914,0.051748,0.06437,0.037029,0.042976,0.025516,0.09886,0.096609,0.969918,0.065254,107
0.001189,0.035471,0.041714,0.084322,0.041508,0.042602,0.053039,0.051091,0.006302,0.002488,0.055186,0.050869,0.053776,0.030202,0.035257,0.087976,0.033843,0.088011,0.086502,0.970459,0.065568,107
0.035768,0.088494,0.111695,0.049238,0.029985,0.052876,0.067556,0.063197,0.003563,0.015126,0.054277,0.091026,0.028981,0.009002,0.007096,0.062359,0.03349,0.090947,0.107341,0.960335,0.065159,107
0.000956,0.045965,0.067234,0.050032,0.041737,0.063167,0.024554,0.032643,0.004073,0.006255,0.02267,0.059498,0.074174,0.05781,0.023434,0.057898,0.028657,0.050906,0.080935,0.975819,0.066489,107
0.017879,0.044323,0.086708,0.033507,0.038698,0.054289,0.031849,0.044815,0.008122,0.008553,0.048575,0.040822,0.060321,0.051798,0.065895,0.046574,0.032736,0.078859,0.080262,0.972854,0.066565,107
0,0.053642,0.048404,0.088015,0.063847,0.069236,0.03829,0.067509,0.001798,0.001598,0.047726,0.074896,0.047921,0.02108,0.02089,0.068866,0.022239,0.060679,0.090331,0.969306,0.0666,107
0.003103,0.031592,0.035097,0.082732,0.048746,0.025367,0.049548,0.067308,0.005874,0.004639,0.028372,0.072356,0.041135,0.051134,0.007798,0.077144,0.016985,0.067233,0.079404,0.974097,0.067208,107
0.019402,0.046975,0.036622,0.050642,0.056994,0.12932,0.054079,0.041038,0.011644,0.006013,0.028794,0.084575,0.030532,0.031498,0.010108,0.07352,0.040762,0.08292,0.089244,0.965592,0.066898,107
0.054962,0.052715,0.03822,0.045803,0.0463,0.029024,0.05198,0.096265,0.015831,0.005537,0.071688,0.053502,0.029732,0.028156,0.010809,0.025082,0.025358,0.051657,0.077517,0.975222,0.067844,107
0.000953,0.076059,0.067586,0.073804,0.044069,0.002893,0.06864,0.09275,0.008115,0.005519,0.069092,0.069165,0.021024,0.021503,0.013168,0.009406,0.024977,0.051487,0.073692,0.972008,0.067899,107
0,0.063854,0.09716,0.040741,0.051596,0.00941,0.067382,0.113368,0.005866,0.004632,0.061392,0.044916,0.041583,0.012767,0.002396,0.01635,0.025295,0.009369,0.069915,0.972831,0.068235,107
0.002149,0.0622,0.075142,0.066357,0.050845,0.028275,0.046136,0.041947,0.009943,0.005354,0.018244,0.07251,0.045663,0.024478,0.0156,0.073941,0.03249,0.053959,0.081137,0.974388,0.068623,107
0.000957,0.068595,0.024065,0.06304,0.037994,0.053747,0.063387,0.060492,0.005886,0.003039,0.056187,0.06787,0.036396,0.030745,0.025847,0.040518,0.015528,0.054057,0.074275,0.976166,0.069027,107
0.050866,0.048439,0.068674,0.056189,0.052276,0.051244,0.057214,0.019416,0.008099,0.003198,0.052806,0.060198,0.05495,0.059285,0.032254,0.073857,0.017507,0.059166,0.095821,0.970018,0.06887,107
0,0.067104,0.024071,0.047769,0.016287,0.071923,0.054685,0.04953,0.007699,0.00465,0.083286,0.038186,0.02655,0.022333,0.005411,0.019891,0.041219,0.094036,0.053793,0.976406,0.069604,107
0.000962,0.031072,0.043426,0.05877,0.031483,0.037972,0.032927,0.04494,0.005918,0.003056,0.058872,0.033851,0.060853,0.034223,0.010274,0.050983,0.044733,0.044897,0.06144,0.981426,0.070242,107
0.001203,0.041958,0.031036,0.081864,0.01554,0.010229,0.04437,0.059237,0.004099,0.001619,0.07627,0.02867,0.031758,0.027615,0.013907,0.022505,0.020727,0.064625,0.041826,0.98198,0.070563,107
0.018383,0.022105,0.03931,0.01159,0.035465,0.036723,0.020031,0.011097,0.007783,0.00452,0.004792,0.062331,0.029993,0.009623,0.012764,0.073399,0.045596,0.032481,0.035065,0.987115,0.071215,107
0,0.071765,0.035616,0.061215,0.042797,0.051319,0.105135,0.072985,0.016221,0.001601,0.048168,0.075457,0.021912,0.008742,0.023927,0.031664,0.046656,0.034305,0.080998,0.971448,0.070363,107
0.058709,0.042523,0.042137,0.040459,0.017768,0.126513,0.044959,0.021457,0.005825,0.007608,0.025794,0.080946,0.055126,0.025357,0.012493,0.053139,0.043148,0.099246,0.092522,0.966101,0.070252,107
0.012787,0.037809,0.032986,0.023828,0.059932,0.08053,0.048632,0.016163,0.012998,0.008141,0.037864,0.099208,0.035135,0.031886,0.022017,0.069887,0.044046,0.128744,0.087037,0.966359,0.070547,107
0,0.077479,0.031608,0.035689,0.023065,0.049607,0.044832,0.036025,0.007731,0.003053,0.065274,0.062311,0.034133,0.023528,0.010264,0.046939,0.04439,0.029115,0.06224,0.980473,0.071858,107
0,0.061546,0.039024,0.044874,0.034788,0.048851,0.046133,0.063413,0.011363,0.003051,0.064219,0.040321,0.037042,0.013962,0.025343,0.008734,0.022483,0.07786,0.052054,0.979939,0.0721,107
0.075361,0.135813,0.057106,0.072222,0.04234,0.032179,0.103753,0.042691,0.008024,0.015666,0.051987,0.060035,0.039695,0.01045,0,0.01395,0.02646,0.051679,0.10674,0.961084,0.070988,107
0.013624,0.069801,0.030213,0.065667,0.033378,0.04137,0.057535,0.044935,0.011763,0.006253,0.069337,0.065304,0.036571,0.040964,0.01862,0.022604,0.027751,0.072024,0.075718,0.975457,0.072328,107
0.004077,0.072553,0.051348,0.06512,0.067815,0.0284,0.04078,0.072726,0.021789,0.003047,0.04785,0.044124,0.013508,0.017982,0.005424,0.01919,0.032634,0.054198,0.05172,0.978711,0.07285,107
0.009314,0.052936,0.056065,0.070955,0.027097,0.081223,0.055906,0.049442,0.005877,0.000714,0.069957,0.058766,0.03875,0.02412,0.025807,0.016629,0.047705,0.043805,0.071703,0.974671,0.072828,107
0.016241,0.063224,0.033887,0.103002,0.038771,0.042789,0.064611,0.039288,0.001808,0.00607,0.056441,0.068563,0.036944,0.009502,0.022807,0.034997,0.041445,0.025815,0.077583,0.974707,0.07311,107
0.027908,0.046955,0.075042,0.072908,0.018164,0.10054,0.053012,0.015085,0.013878,0.009192,0.053547,0.049937,0.058056,0.058989,0.013075,0.071522,0.02982,0.091405,0.093386,0.96518,0.072672,107
0,0.009158,0.006582,0.006793,0.043424,0.005165,0.007983,0.071618,0.024551,0.003814,0.017451,0.017793,0.036733,0.014641,0.006412,0.021655,0.029996,0.021589,0.015793,0.991712,0.065584,108
0,0.05181,0.040974,0.019695,0.121842,0.010788,0.06346,0.064078,0.051823,0.00125,0.055894,0.03324,0.004919,0.012472,0.002101,0.02237,0.049572,0.069135,0.05489,0.974739,0.064706,108
0.039744,0.046363,0.066371,0.030404,0.025193,0.031758,0.060513,0.117035,0.00198,0.009224,0.055647,0.049035,0.032356,0.028167,0.01209,0.008695,0.045177,0.009592,0.078243,0.975605,0.065008,108
0,0.025376,0.023506,0.023016,0.017385,0.046328,0.042585,0.036991,0.015242,0.002059,0.04288,0.013388,0.023515,0.023671,0,0.031271,0.055025,0.058301,0.026358,0.988335,0.066104,108
0,0.048871,0.024548,0.02432,0.049463,0.048801,0.054639,0.035022,0.008806,0.002845,0.038602,0.038674,0.031644,0.022004,0.006908,0.022196,0.027192,0.049176,0.044234,0.986297,0.066214,108
0,0.011132,0.022417,0.004063,0.037366,0.028961,0.00234,0.036288,0.004814,0.002535,0.059684,0.018911,0.026816,0.029189,0,0.04163,0.076469,0.022214,0.023519,0.988542,0.066613,108
0,0.040069,0.013666,0.02674,0.03514,0.007722,0.03931,0.047663,0.011632,0.002693,0.06807,0.037698,0.021645,0.01751,0.021833,0.012112,0.033862,0.03401,0.034086,0.988358,0.066848,108
0.019813,0.021698,0.053829,0.0101,0.05997,0.024961,0.02211,0.100948,0.008378,0.002048,0.036984,0.028501,0.023301,0.03064,0.011123,0.023876,0.043943,0.044183,0.045362,0.983063,0.066736,108
0.002542,0.015351,0.015298,0.001353,0.068393,0.005145,0.019176,0.094326,0.004811,0.0019,0.029371,0.026292,0.020298,0.017177,0.008516,0.016067,0.040454,0.021504,0.022791,0.987819,0.067306,108
0.00085,0,0.014253,0.008825,0.009644,0.013551,0.009151,0.031627,0.006838,0.000635,0.050218,0.021198,0.024296,0.001626,0.013884,0.057197,0.05916,0.026449,0.012408,0.991128,0.06778,108
0,0.020287,0.026279,0.020678,0.027413,0.050265,0.024606,0.03586,0.005222,0,0.044147,0.022817,0.034077,0.038321,0.011733,0.038597,0.032059,0.017378,0.028487,0.989843,0.06794,108
0.000843,0.050497,0.011422,0.004041,0.058883,0.021127,0.029333,0.122919,0.004789,0,0.040277,0.037857,0.01418,0,0,0.035495,0.004211,0.011049,0.034197,0.983352,0.067741,108
0.01203,0.03902,0.035389,0.031689,0.058207,0.067932,0.027033,0.040858,0.019575,0.008361,0.065107,0.028773,0.031227,0.0197,0.017502,0.017985,0.021342,0.044241,0.046225,0.984367,0.068057,108
0,0.004017,0,0.005429,0.034487,0.007741,0.043631,0.022822,0.022921,0,0.062228,0.037792,0.006072,0.012028,0.004271,0.037973,0.021482,0.041749,0.010789,0.990841,0.068753,108
0,0.036399,0.023295,0.042936,0.079545,0.03826,0.025739,0.022795,0.040546,0.008005,0.033877,0.010823,0.084565,0.074231,0.020054,0.022697,0.011273,0.046772,0.06662,0.979468,0.068209,108
0,0.040802,0.022996,0.021358,0.041865,0.024491,0.032342,0.05154,0.008437,0,0.033038,0.038817,0.010081,0.007145,0,0.037277,0.034447,0.022941,0.024549,0.98994,0.069187,108
0.002532,0.028368,0.020682,0.014154,0.026147,0.009609,0.075012,0.05973,0.009185,0.000631,0.05135,0.069101,0.006651,0.003551,0.004241,0.031792,0.063213,0.028332,0.046539,0.984012,0.069019,108
0.009467,0.059005,0.029306,0.052757,0.069405,0.019803,0.039258,0.055323,0.032256,0.022486,0.064303,0.039407,0.023434,0.032514,0.016389,0.014648,0.0239,0.039965,0.062738,0.981212,0.069068,108
0.001042,0.063508,0.049477,0.016982,0.121177,0.005697,0.031306,0.115243,0.037883,0.007791,0.050446,0.026573,0.024449,0.012441,0.00943,0.018632,0.048929,0.037555,0.066087,0.972331,0.068687,108
0,0.028083,0.024436,0.045055,0.087818,0.012784,0.026962,0.047347,0.007969,0,0.053916,0.023915,0.062469,0.057658,0.002116,0.015313,0.043624,0.024821,0.058584,0.981803,0.069602,108
0.007188,0.025538,0.0469,0.018909,0.042436,0.032738,0.039916,0.051334,0.015206,0.000632,0.078975,0.027415,0.012263,0.005823,0.009031,0.021091,0.046185,0.038082,0.032113,0.985988,0.070145,108
0.002535,0.007545,0.021252,0.004049,0.100293,0.010263,0.014461,0.096207,0.001599,0,0.041251,0.01557,0.016959,0.002263,0,0.019538,0.029536,0.020756,0.016682,0.985236,0.070339,108
0.004643,0.051429,0.026675,0.009101,0.055621,0.014097,0.053126,0.0673,0.019573,0.00142,0.060619,0.029705,0.009048,0.009042,0.002121,0.019299,0.035302,0.06428,0.036588,0.984237,0.070514,108
0,0.058054,0.004353,0.009434,0.021724,0.005124,0.03121,0.020299,0.062686,0.048876,0.028953,0.032615,0.022609,0.014202,0.031805,0.030909,0.030547,0.088433,0.045633,0.983818,0.07073,108
0,0.042993,0.040817,0.034034,0.039034,0.024983,0.063594,0.092069,0.005191,0.00205,0.029555,0.035425,0.027135,0.021629,0.004771,0.018855,0.026601,0.026948,0.047622,0.983959,0.070987,108
0.00084,0.03399,0.062874,0.018123,0.016504,0.011484,0.020416,0.047494,0.00517,0.000628,0.069276,0.037611,0.045395,0.019291,0.04488,0.0583,0.035411,0.086023,0.058052,0.97997,0.070945,108
0,0.013304,0.040294,0.013149,0.055635,0.041661,0.023307,0.066136,0.010388,0,0.069595,0.019184,0.035401,0.026809,0.034478,0.022375,0.045588,0.035259,0.040611,0.984486,0.071518,108
0,0.003776,0.06109,0,0.041336,0.010915,0.005136,0.028392,0.008405,0,0.0374,0.022147,0.057058,0.007441,0.029755,0.017579,0.089747,0.017313,0.032923,0.986165,0.071887,108
0.01014,0.034618,0.040326,0.01181,0.036874,0.041695,0.035688,0.022457,0.015595,0,0.049323,0.029385,0.018292,0.024244,0.011679,0.021514,0.031911,0.095483,0.030057,0.985273,0.072069,108
0,0.054232,0.061468,0.027376,0.101062,0.014598,0.046851,0.094727,0.034025,0.004218,0.047324,0.049462,0.025566,0.013753,0.009455,0.006734,0.047491,0.040391,0.068738,0.974867,0.071552,108
0,0.051399,0.004386,0.009354,0.016158,0.040729,0.034836,0.011627,0.012516,0,0.036624,0.022928,0.033113,0.030064,0.006172,0.017277,0.039858,0.021657,0.027598,0.991258,0.064892,109
0,0.011295,0.009246,0.026213,0.030293,0.01031,0.02062,0.014776,0.009641,0,0.037103,0.020176,0.052252,0.058307,0.047403,0.034698,0.01413,0.025331,0.035238,0.98978,0.065016,109
0,0.038593,0.006804,0.028589,0.024008,0.017735,0.029541,0.028673,0.011056,0.000563,0.071985,0.028714,0.01671,0.044398,0.057289,0.021734,0.008703,0.01913,0.030601,0.988587,0.065157,109
0,0.04093,0.01415,0.019033,0.023111,0.012061,0.052839,0.012064,0.007519,0,0.023553,0.021279,0.020512,0.029232,0.011883,0.037937,0.019599,0.01239,0.020565,0.99245,0.065633,109
0,0.041138,0.02817,0.024058,0.037794,0.025155,0.038876,0.025282,0.007841,0,0.060745,0.024938,0.031656,0.023336,0.05441,0.030719,0.023975,0.019117,0.041363,0.987902,0.065552,109
0.001697,0.041193,0.009241,0.024994,0.027314,0.020609,0.049337,0.017932,0.01142,0.000705,0.054424,0.012224,0.0294,0.021637,0.010897,0.033111,0.060253,0.011115,0.034796,0.989228,0.06586,109
0.000756,0.051591,0.026314,0.016293,0.017805,0.030973,0.047555,0.010358,0.015017,0.001694,0.04357,0.015493,0.027075,0.032663,0.003798,0.016686,0.019573,0.022892,0.024679,0.991149,0.066209,109
0,0.065455,0.017914,0.067751,0.041606,0.033624,0.034401,0.054395,0.015987,0.000701,0.057897,0.021322,0.028953,0.021252,0.008489,0.026331,0.030928,0.003074,0.050595,0.984784,0.066003,109
0,0.014512,0.001953,0.013905,0,0.018964,0.009403,0.004235,0.002866,0,0.032672,0.020451,0.019967,0.014769,0,0.052905,0.050323,0.033472,0.007579,0.992999,0.066775,109
0.004866,0.047185,0.053592,0.027802,0.024829,0.012503,0.045052,0.016964,0.010982,0.005596,0.067535,0.034436,0.062779,0.034653,0.026809,0.010892,0.030141,0.070496,0.066826,0.98204,0.066256,109
0.003384,0.066753,0.016975,0.038138,0.01608,0.017697,0.057711,0.028822,0.009253,0.001265,0.041503,0.029278,0.031057,0.050921,0.016536,0.0254,0.024879,0.0351,0.049547,0.986483,0.066776,109
0.012087,0.045826,0.012666,0.024735,0.008571,0.01491,0.047544,0.011834,0.006077,0.00127,0.042491,0.032758,0.03588,0.03121,0.012339,0.024925,0.014146,0.021031,0.035447,0.990912,0.067296,109
0,0.039013,0.013131,0.018369,0.014479,0.022326,0.045796,0.030589,0,0,0.054155,0.028731,0.046199,0.033175,0,0.011755,0.020711,0.045693,0.039055,0.989197,0.0674,109
0,0.050216,0.008774,0.009356,0.018799,0.044752,0.0411,0.0148,0.009299,0.003107,0.055079,0.019162,0.008498,0.00665,0.001899,0.02101,0.026655,0.024136,0.013907,0.991419,0.067772,109
0,0.018019,0.001945,0.052088,0.002632,0.029191,0.017483,0.030796,0.002854,0,0.012803,0.016192,0.049758,0.023364,0.001895,0.070521,0.038593,0.0284,0.035676,0.989061,0.067831,109
0,0.022221,0.040927,0.020212,0.007583,0.017778,0.044629,0.016908,0.006435,0,0.029132,0.019992,0.037392,0.024566,0.014713,0.040433,0.038669,0.021651,0.030253,0.99101,0.068186,109
0,0.041488,0.061616,0.051069,0.013131,0.029696,0.041949,0.020414,0.004628,0.001265,0.057485,0.028246,0.007826,0.024174,0.014651,0.026972,0.05635,0.010472,0.034123,0.986834,0.068118,109
0.001697,0.057634,0.017023,0.001506,0.017113,0.007443,0.046425,0.007384,0.02641,0.003664,0.085109,0.031346,0.000951,0.020484,0.010424,0.009013,0.00612,0.024084,0.016577,0.989289,0.068508,109
0,0.041895,0.043677,0.012921,0.01412,0.007426,0.06564,0.043787,0.010683,0.008437,0.059897,0.026168,0.00854,0.008924,0.012291,0.02131,0.05613,0.031424,0.035773,0.987094,0.068576,109
0,0.044797,0.008762,0.009343,0.020421,0.005157,0.052922,0.012247,0.007858,0.002539,0.050466,0.018509,0.004124,0.071608,0.0147,0.01961,0.00212,0.021631,0.0141,0.9901,0.069005,109
0,0.040231,0,0.00663,0.007245,0.005156,0.067078,0.006545,0.011071,0.000564,0.074484,0.027602,0.012768,0.045902,0,0.00745,0.00212,0,0.01473,0.989922,0.069213,109
0,0.046956,0.040529,0.041525,0.084556,0.021013,0.039032,0.07388,0.050626,0,0.043934,0.035656,0.018318,0.016599,0.00846,0.001749,0.044364,0.025729,0.054311,0.98137,0.068834,109
0,0.038982,0.09573,0.028439,0.01145,0.022195,0.054427,0.075711,0.003193,0.00056,0.054899,0.031679,0.010005,0.016347,0.001884,0.018114,0.023164,0.023327,0.038868,0.983404,0.069195,109
0.001678,0.041717,0.030301,0.10721,0.036775,0.012455,0.04035,0.08095,0.019058,0.001254,0.057252,0.030378,0.017633,0.022253,0.008433,0.02422,0.059819,0.029923,0.061941,0.978288,0.069053,109
0,0.04088,0.070322,0.029128,0.021659,0.027401,0.033006,0.038919,0.006406,0,0.082204,0.037508,0.008535,0.004315,0.00189,0.013481,0.03192,0.01601,0.031418,0.986452,0.069849,109
0,0.027574,0.015102,0.015685,0.024393,0.027525,0.029193,0.047759,0.007864,0.00734,0.038481,0.020931,0.020162,0.020517,0.008068,0.045531,0.03277,0.024123,0.028518,0.990887,0.070384,109
0.005041,0.074527,0.039012,0.01998,0.030634,0.035149,0.08411,0.030085,0.010955,0.004326,0.051782,0.053596,0.030057,0.021998,0.004223,0.051611,0.035428,0.035467,0.074306,0.979631,0.069802,109
0.004858,0.073805,0.02362,0.019699,0.021853,0.037449,0.065819,0.032411,0.001415,0.003073,0.067163,0.054781,0.015552,0.004289,0.010331,0.043305,0.06905,0.037334,0.064503,0.98047,0.07008,109
0,0.038478,0.017445,0.07951,0.037707,0.007415,0.050816,0.051288,0.0032,0.001264,0.046782,0.029981,0.025029,0.014372,0.001888,0.040213,0.02603,0.019072,0.046604,0.985618,0.070668,109
0.002429,0.043173,0.019277,0.04267,0.046631,0.038006,0.047237,0.041182,0.004597,0.003072,0.052871,0.053111,0.024107,0.006861,0.00845,0.074939,0.065535,0.037936,0.06992,0.980223,0.070499,109
0.045503,0.060585,0.016907,0.046958,0.019938,0.019901,0.039698,0.034574,0.001418,0.009098,0.055645,0.06351,0.019677,0.026361,0.01647,0.017319,0.049793,0.042319,0.068284,0.982536,0.070884,109
0,0.023686,0.004847,0.007203,0.026239,0.023964,0.023237,0.008411,0.016361,0,0.109548,0.014266,0.030566,0.028753,0,0.039836,0.013371,0.059697,0.02787,0.985931,0.071349,109
0.016543,0.06502,0.047471,0.106289,0.049641,0.017497,0.078607,0.01248,0.007741,0.014866,0.059181,0.023692,0.021017,0.034985,0.012612,0.01893,0.033415,0.065142,0.068738,0.975304,0.070797,109
0.001678,0.080309,0.015393,0.039315,0.041662,0.030575,0.108711,0.054251,0.022236,0.001254,0.063854,0.034308,0.010346,0.008275,0.008434,0.015696,0.044462,0.00855,0.060863,0.978397,0.071239,109
0.012449,0.061025,0.003892,0.013858,0.023046,0.021191,0.06602,0.022373,0.010354,0.004088,0.025356,0.045261,0.014667,0.007215,0.01185,0.018033,0.021428,0.017298,0.033124,0.98967,0.072281,109
0,0.047996,0.036712,0.031704,0.037916,0.062546,0.053551,0.055738,0.00638,0.003779,0.031532,0.04234,0.01527,0.038396,0.012705,0.045342,0.025948,0.053972,0.055758,0.982536,0.071978,109
0,0.043195,0.053039,0.028959,0.032952,0.027243,0.045611,0.052289,0.003184,0,0.052898,0.019577,0.015713,0.010582,0.012212,0.045647,0.10127,0.045302,0.052102,0.980735,0.072065,109
0.000934,0.0581,0.046756,0.0194,0.048272,0.046525,0.038582,0.057919,0.014501,0.001955,0.043099,0.017293,0.020656,0.015154,0.002348,0.01068,0.108937,0.025092,0.051041,0.980435,0.072261,109
0,0.058349,0.043568,0.03477,0.043566,0.019374,0.060504,0.024359,0.007459,0.008416,0.058155,0.036087,0.02958,0.024982,0.02405,0.013846,0.037249,0.025815,0.054745,0.984648,0.072791,109
0.005057,0.056862,0.066195,0.009574,0.062773,0.020475,0.030815,0.026199,0.019145,0.00378,0.054864,0.019515,0.01299,0.042132,0.008472,0.008759,0.063835,0.05828,0.041945,0.982785,0.072872,109
0.00169,0.037092,0.023741,0.0321,0.049833,0.020531,0.064912,0.057167,0.014221,0.000562,0.06485,0.025085,0,0.014658,0.012744,0.019714,0.0136,0.05475,0.032606,0.985505,0.073293,109
0,0.044452,0.017466,0.023732,0.031844,0.022843,0.055239,0.059349,0.007832,0,0.066268,0.029392,0.01004,0.008058,0.008507,0.042608,0.024888,0.019096,0.03791,0.986831,0.073611,109
0.000752,0.049983,0.03008,0.031842,0.043662,0.025127,0.048178,0.070923,0.007832,0.003093,0.032734,0.035541,0.003795,0.022159,0.004254,0.02834,0.01667,0.032647,0.036899,0.986816,0.07383,109
0,0.045357,0.01897,0.029816,0.039824,0.034352,0.059544,0.035447,0.006067,0.001268,0.04269,0.030617,0.009431,0.004039,0.004264,0.021554,0,0.029026,0.024255,0.989342,0.074239,109
0,0.032244,0.015545,0.006918,0.0355,0.025731,0.025783,0.029501,0.001426,0.003097,0.069016,0.023898,0.017335,0.015848,0.006152,0.055774,0.0402,0.041324,0.031765,0.988081,0.074365,109
0.00827,0.043831,0.015031,0.033324,0.037729,0.062779,0.041714,0.049426,0.003202,0.003091,0.06064,0.029998,0.01185,0.020708,0.004251,0.028127,0.020883,0.032627,0.039021,0.986198,0.074442,109
0,0.034506,0.024073,0.053362,0.042352,0.015302,0.052139,0.056389,0.017311,0.002511,0.093229,0.037132,0.053268,0.018278,0.004221,0.007564,0.06058,0.01895,0.072694,0.979297,0.07414,109
0.007334,0.040103,0.010673,0.019825,0.027574,0.030265,0.059596,0.053663,0.021715,0.019117,0.04045,0.02616,0.050907,0.020719,0.016541,0.012508,0.008452,0.027102,0.054652,0.986767,0.074925,109
0,0.052899,0.059882,0.020632,0.042153,0.01819,0.043408,0.091753,0.003189,0.005177,0.051921,0.031124,0.035095,0.008594,0.004234,0.0107,0.03342,0.030657,0.056161,0.98226,0.074801,109
0.000752,0.063009,0.006306,0.019222,0.042011,0.014845,0.05668,0.080587,0.013525,0.002389,0.031663,0.028344,0.00988,0.013811,0.004253,0.015437,0.030986,0.00739,0.036008,0.98661,0.075352,109
0.001692,0.048588,0.023767,0.036039,0.039712,0.027976,0.052318,0.064803,0.01566,0.006184,0.059066,0.025633,0.008773,0.010645,0.006142,0.007621,0.010563,0.038182,0.034156,0.986567,0.075569,109
0.014066,0.095265,0.047267,0.100808,0.042321,0.02529,0.074796,0.054055,0.023472,0.008024,0.075165,0.046977,0.001789,0.016992,0.004186,0.030774,0.016636,0.051526,0.077966,0.971123,0.074602,109
0.000748,0.103349,0.012545,0.018224,0.025466,0.029534,0.05411,0.041861,0.006019,0.006012,0.048701,0.049963,0.017297,0.024042,0.038542,0.030906,0.030589,0.028793,0.0608,0.981423,0.075612,109
0.000751,0.06098,0.034893,0.016204,0.026562,0.05077,0.046673,0.02838,0.007823,0.000562,0.052105,0.030713,0.022505,0.018398,0.014635,0.027528,0.040809,0.043688,0.044004,0.985741,0.076164,109
0,0.036396,0.011052,0.053556,0.039668,0.048078,0.026533,0.013549,0.004584,0.002506,0.035849,0.046971,0.047527,0.082377,0.031363,0.085951,0.024185,0.05186,0.075137,0.977405,0.075738,109
0,0.016072,0.012669,0.007844,0.021431,0.009751,0.015434,0.014585,0.006078,0.000565,0.028867,0.020727,0.044462,0.042489,0.012341,0.030819,0.037494,0.045163,0.025439,0.991113,0.07702,109
0,0.061714,0.026147,0.033878,0.026866,0.012539,0.078963,0.044738,0.009593,0.0094,0.058964,0.031518,0.021696,0.012063,0.00849,0.023602,0.028587,0.013525,0.050053,0.984861,0.076754,109
0,0.026097,0.037585,0.070412,0.032279,0.024389,0.042694,0.086953,0.013789,0.001256,0.031719,0.04886,0.035175,0.015149,0.004225,0.0429,0.0541,0.028755,0.069243,0.980103,0.076601,109
0.000753,0.050788,0.011162,0.033655,0.031196,0.020565,0.061071,0.010736,0.003205,0.000562,0.051379,0.038054,0.029812,0.031378,0.00851,0.039297,0.021137,0.022182,0.044991,0.987109,0.077369,109
0,0.058478,0.032396,0.025149,0.024866,0.030165,0.050707,0.029994,0.007806,0.002522,0.051456,0.020775,0.051842,0.063961,0.026848,0.014415,0.01989,0.046044,0.057281,0.9835,0.077305,109
0.000748,0.040463,0.031354,0.024491,0.046347,0.031796,0.038403,0.021552,0.007433,0.000559,0.064826,0.024456,0.0437,0.054364,0.028193,0.052272,0.027078,0.073493,0.060907,0.981126,0.077337,109
0.024277,0.066501,0.063108,0.034899,0.05737,0.037992,0.058148,0.060392,0.012725,0.018843,0.042016,0.027632,0.026139,0.019717,0.010324,0.017272,0.028442,0.044038,0.068098,0.979856,0.077455,109
0.004127,0.071723,0.025646,0.04584,0.025866,0.019935,0.051986,0.045128,0.017043,0.010375,0.05866,0.045947,0.025467,0.009185,0.001885,0.008187,0.033955,0.021503,0.055938,0.98422,0.078019,109
0,0.037542,0.036202,0.063361,0.008818,0.019886,0.04504,0.037061,0.004604,0.003077,0.062752,0.057137,0.040505,0.029491,0.032915,0.01439,0.026863,0.059447,0.063921,0.981796,0.078045,109
0,0.060142,0.01448,0.044529,0.008491,0.034088,0.062598,0.034756,0.007437,0.000559,0.046069,0.042409,0.041682,0.012597,0.012225,0.0245,0.045782,0.072926,0.062117,0.981738,0.078259,109
0.010702,0.064889,0.031967,0.055182,0.01442,0.025085,0.06572,0.034247,0.006042,0.001263,0.043573,0.04287,0.024466,0.005459,0.016514,0.02439,0.020627,0.015989,0.050573,0.985174,0.078752,109
0.002443,0.063963,0.030543,0.028217,0.034117,0.020544,0.072214,0.040798,0.011028,0.000562,0.028721,0.033328,0.028675,0.001725,0.006139,0.032226,0.029562,0.00554,0.046921,0.986101,0.079046,109
0.001495,0.031807,0.068948,0.086278,0.02871,0.014188,0.02848,0.040157,0.008845,0.001118,0.040201,0.05583,0.046038,0.032604,0.049317,0.009323,0.013533,0.025099,0.06339,0.980703,0.078832,109
0,0.027618,0.006343,0.005438,0.0416,0.024696,0.02548,0.018414,0.015395,0.000565,0.045501,0.017715,0.009143,0.005499,0.00808,0.02516,0.017474,0.026639,0.005289,0.992453,0.079997,109
0.000754,0.021994,0,0.021391,0.027657,0.017755,0.022285,0.006754,0.001428,0.000564,0.040571,0.012021,0.048285,0.030883,0.01659,0.057238,0.032025,0.029654,0.0311,0.989714,0.079997,109
0.005808,0.04487,0.03383,0.036807,0.05592,0.036977,0.072609,0.045912,0.035462,0,0.063095,0.020038,0.013623,0.011754,0.004237,0.021027,0.030639,0.037431,0.046397,0.983013,0.079674,109
0.001512,0.024615,0.016087,0.012376,0.006597,0.065416,0.033595,0.022838,0.001431,0,0.031287,0.012986,0.022877,0.006073,0.017571,0.019442,0.025951,0.012379,0.00947,0.991564,0.080588,109
0.009086,0.002386,0.01758,0.009675,0.022138,0.02759,0.00857,0.017158,0.014333,0.000566,0.040716,0.011015,0.015675,0.001159,0.007611,0.029902,0.030013,0.02666,0,0.993248,0.080946,109
0,0.036588,0.018941,0.024659,0.03845,0.022296,0.057584,0.049088,0.006058,0.001829,0.050619,0.008973,0.042101,0.011524,0.022236,0.013892,0.016218,0.026516,0.036854,0.987865,0.080727,109
0,0.043874,0.013104,0.005409,0.011822,0.027992,0.033445,0.031789,0.012464,0.002531,0.067887,0.016265,0.026492,0.050092,0.050114,0.028154,0.029124,0.013557,0.03485,0.987159,0.080889,109
0.000753,0.034221,0.026232,0.033988,0.025967,0.026303,0.021624,0.028658,0.008911,0.002393,0.071414,0.01294,0.04393,0.017001,0.031705,0.020744,0.016691,0.030222,0.035598,0.988065,0.081184,109
0.001498,0.02576,0.005795,0.029003,0.033982,0.019894,0.016742,0.009007,0.019134,0,0.052713,0.008507,0.037296,0.071324,0.100667,0.027819,0.046037,0.030043,0.040496,0.982209,0.080921,109
0.000755,0.039862,0.01802,0.030155,0.029988,0.018918,0.036897,0.038238,0.010363,0,0.037668,0.007638,0.038091,0.019355,0.009963,0.015696,0.009663,0.025352,0.025004,0.990597,0.081833,109
0,0.04893,0.019303,0.009263,0.046367,0.012496,0.042343,0.059449,0.020183,0,0.106148,0.019282,0.002752,0.02061,0,0.014386,0.031994,0.067397,0.035154,0.981538,0.081303,109
0,0.03499,0.025729,0.024047,0.03909,0.002286,0.024312,0.047381,0.014249,0,0.07696,0.016582,0.006565,0.027069,0.043507,0.02562,0.015741,0.029586,0.024124,0.987426,0.082011,109
0.006888,0.038295,0.039437,0.033274,0.020527,0.046421,0.049714,0.015979,0.006678,0.006781,0.016879,0.08435,0.044982,0.058612,0.017309,0.054471,0.025167,0.042919,0.084563,0.979433,0.073408,110
0.004362,0.033659,0.020772,0.045284,0.02284,0.066221,0.030008,0.018772,0.004128,0.011912,0.009495,0.061267,0.054226,0.084712,0.040049,0.053347,0.016336,0.052199,0.081778,0.978037,0.0735,110
0.012459,0.029358,0.039957,0.062121,0.024392,0.02914,0.040898,0.015637,0.014022,0.015856,0.019059,0.061861,0.048618,0.048692,0.025808,0.05004,0.009248,0.050181,0.078043,0.981559,0.073961,110
0.003703,0.046854,0.041683,0.04436,0.024385,0.024532,0.044604,0.014879,0.011151,0.00931,0.041681,0.041789,0.050586,0.058465,0.020303,0.050551,0.019332,0.059539,0.075461,0.98129,0.074138,110
0.002856,0.049415,0.026004,0.039984,0.0261,0.060708,0.050644,0.012784,0.005406,0.006404,0.035185,0.060613,0.045479,0.055016,0.014355,0.070188,0.009858,0.03962,0.080058,0.979484,0.074197,110
0.003364,0.03216,0.024301,0.026063,0.02349,0.030647,0.020431,0.019953,0.006368,0.007544,0.006903,0.059849,0.067384,0.064351,0.042695,0.074821,0.01764,0.037465,0.080572,0.980711,0.074487,110
0.022741,0.056802,0.032591,0.057849,0.025287,0.016368,0.028272,0.009802,0.016581,0.024552,0.026221,0.064228,0.020888,0.033767,0.031749,0.053568,0.016403,0.058484,0.071565,0.982088,0.074788,110
0.012944,0.058096,0.052038,0.042692,0.037559,0.039304,0.05884,0.032166,0.013682,0.021486,0.026404,0.078068,0.019149,0.020064,0.008871,0.031096,0.019727,0.051755,0.077922,0.980041,0.074829,110
0.039548,0.04561,0.011722,0.035751,0.014394,0.049568,0.040881,0.017702,0.005734,0.005031,0.038817,0.041036,0.044494,0.067727,0.031718,0.053342,0.011345,0.051262,0.074846,0.981134,0.075109,110
0.007078,0.031866,0.011304,0.052223,0.023534,0.045545,0.028285,0.026214,0.010846,0.014864,0.01574,0.055945,0.040733,0.054672,0.028799,0.069882,0.018725,0.034776,0.07239,0.982547,0.075414,110
0.005722,0.018384,0.019969,0.031717,0.01733,0.042922,0.011706,0.005273,0.004141,0.010565,0.015478,0.060245,0.060972,0.063087,0.05878,0.07957,0.018487,0.020393,0.073976,0.981074,0.075497,110
0.011942,0.02774,0.032542,0.039224,0.02202,0.063841,0.03473,0.012234,0.001274,0.003143,0.019041,0.067486,0.05154,0.040923,0.038886,0.058557,0.020998,0.052336,0.076725,0.980603,0.075658,110
0.006396,0.030055,0.024313,0.011559,0.021446,0.026063,0.026946,0.004708,0,0.009057,0.012146,0.062772,0.057727,0.087047,0.02876,0.051072,0.016178,0.063393,0.071464,0.981214,0.075901,110
0.007221,0.027165,0.022526,0.027627,0.047778,0.059149,0.033561,0.017664,0.010807,0.006401,0.021386,0.064306,0.059503,0.043169,0.029117,0.054273,0.026205,0.070401,0.083062,0.979012,0.075927,110
0.014414,0.01743,0.018591,0.072548,0.037739,0.06107,0.020912,0.014441,0.012373,0.012402,0.020396,0.069848,0.049455,0.048728,0.029061,0.072979,0.019877,0.056541,0.085751,0.977123,0.075977,110
0.002192,0.017536,0.018705,0.029088,0.007653,0.041986,0.021039,0.013774,0.004149,0.008192,0.026963,0.034202,0.074705,0.066055,0.052968,0.050293,0.017262,0.040317,0.067374,0.983078,0.076637,110
0.030423,0.03178,0.022236,0.055612,0.027141,0.02566,0.040683,0.021939,0.004159,0.021223,0.01435,0.046645,0.03815,0.044742,0.019537,0.043032,0.015825,0.029893,0.066396,0.985354,0.077012,110
0.072623,0.041755,0.04716,0.038845,0.033375,0.052965,0.050928,0.024962,0.013016,0.007898,0.028243,0.050936,0.032852,0.047993,0.026553,0.043923,0.017169,0.054384,0.084987,0.977817,0.076619,110
0.004363,0.047767,0.046748,0.018493,0.06795,0.063688,0.049468,0.030605,0.005399,0.008654,0.027543,0.065185,0.028635,0.043392,0.019818,0.038711,0.020738,0.065949,0.075902,0.978245,0.076848,110
0.009935,0.040152,0.071672,0.040881,0.022338,0.032212,0.041647,0.033351,0.00255,0.016991,0.025734,0.065695,0.035884,0.030662,0.017772,0.046897,0.024805,0.032539,0.075567,0.981692,0.077316,110
0.007196,0.026371,0.02245,0.055068,0.031258,0.072162,0.031785,0.022473,0.012355,0.02039,0.017288,0.042943,0.053534,0.066328,0.077384,0.074961,0.015252,0.030148,0.085665,0.975714,0.07704,110
0.017514,0.032549,0.01086,0.036851,0.030277,0.035794,0.02752,0.015264,0.003825,0.014097,0.019779,0.084086,0.043957,0.044837,0.035124,0.039376,0.015557,0.059017,0.076817,0.981785,0.077716,110
0.007888,0.029793,0.022512,0.031363,0.016405,0.057074,0.025758,0.015399,0.006989,0.006523,0.011399,0.058686,0.06384,0.055726,0.041751,0.081099,0.028912,0.052219,0.084138,0.978415,0.077646,110
0.037413,0.026435,0.028564,0.045287,0.028699,0.031585,0.065392,0.007322,0.015561,0.020189,0.002849,0.076891,0.041183,0.043386,0.034571,0.055443,0.0111,0.063192,0.087263,0.9781,0.077817,110
0,0.04638,0.031495,0.027782,0.013429,0.068557,0.025669,0.012165,0.005698,0.004,0.027216,0.072572,0.049912,0.065258,0.026477,0.05162,0.038834,0.094217,0.084259,0.975036,0.077768,110
0.002854,0.042674,0.031179,0.019305,0.038092,0.060148,0.067655,0.00526,0.002542,0.009536,0.022329,0.074517,0.048616,0.034678,0.012233,0.056697,0.022843,0.052783,0.082658,0.978677,0.078255,110
0.005897,0.040885,0.036075,0.01534,0.034704,0.021999,0.039813,0.010747,0.001276,0.004408,0.014782,0.047901,0.046317,0.057494,0.049538,0.059708,0.021034,0.057392,0.067321,0.982291,0.078741,110
0.017598,0.022006,0.029399,0.01392,0.01726,0.086004,0.016655,0.010127,0.007614,0.01616,0.017312,0.092693,0.049946,0.06796,0.037062,0.053296,0.014855,0.036778,0.084248,0.977087,0.078519,110
0.079366,0.034973,0.065932,0.024172,0.027589,0.038804,0.02785,0.032175,0.001273,0.013448,0.012849,0.027955,0.040993,0.042969,0.022395,0.034075,0.022671,0.066088,0.070946,0.980305,0.078974,110
0.071889,0.05233,0.03361,0.030114,0.031571,0.029322,0.03148,0.025214,0.008704,0.0291,0.014315,0.048759,0.022099,0.023924,0.011555,0.019752,0.023537,0.065767,0.0716,0.98299,0.072171,111
0.060472,0.030472,0.021776,0.010542,0.021432,0.019574,0.01932,0.002748,0.008716,0.01411,0.03084,0.042444,0.040192,0.04885,0.021213,0.042746,0.018586,0.0744,0.06596,0.984286,0.072445,111
0.017423,0.028898,0.016559,0.040279,0.020275,0.019491,0.02852,0.008551,0.001157,0.028901,0.014274,0.071824,0.042913,0.071329,0.026116,0.067979,0.016981,0.059068,0.084795,0.980132,0.072318,111
0.006722,0.029047,0.015764,0.030991,0.016534,0.06077,0.027665,0.003077,0.005205,0.007536,0.028104,0.058673,0.050346,0.085328,0.021883,0.059696,0.0185,0.059045,0.077448,0.979749,0.072468,111
0.020729,0.016775,0.013468,0.021828,0.025998,0.015852,0.015598,0.002749,0.01337,0.01492,0.013254,0.055397,0.037757,0.084116,0.032412,0.049946,0.012843,0.052807,0.061695,0.984718,0.073015,111
0.004728,0.033644,0.003541,0.033131,0.032745,0.04029,0.021556,0.005291,0.002598,0.002508,0.015539,0.051305,0.039618,0.076781,0.036793,0.088917,0.020944,0.08492,0.073153,0.978084,0.072701,111
0.009817,0.029486,0.027302,0.024255,0.027577,0.040055,0.029131,0.010298,0.004936,0.010777,0.015628,0.056273,0.040618,0.056565,0.042785,0.042561,0.015511,0.068325,0.06664,0.983675,0.073296,111
0.027179,0.067745,0.043176,0.031639,0.033235,0.01865,0.057646,0.019588,0.00465,0.025479,0.013471,0.044079,0.020395,0.026551,0.018522,0.026489,0.016102,0.046269,0.064753,0.984725,0.073554,111
0.005201,0.053031,0.00513,0.036408,0.028305,0.088724,0.05304,0.01301,0.011004,0.010177,0.013422,0.053072,0.036846,0.041902,0.026141,0.044833,0.013751,0.044093,0.071358,0.981073,0.07346,111
0.005189,0.061077,0.018109,0.022669,0.035695,0.08202,0.056618,0.012808,0.007222,0.015855,0.029585,0.073578,0.02213,0.029657,0.016107,0.040917,0.032769,0.06048,0.078762,0.978674,0.073458,111
0.007212,0.041425,0.04275,0.021078,0.019552,0.041934,0.04744,0.019231,0.007552,0.030508,0.037347,0.055104,0.036957,0.033576,0.033161,0.034603,0.013218,0.040708,0.073084,0.98404,0.074041,111
0.01458,0.043689,0.018211,0.038486,0.035361,0.027028,0.048126,0.018891,0,0.019042,0.023454,0.062512,0.022384,0.022545,0.041651,0.053588,0.017435,0.041218,0.069251,0.984209,0.074233,111
0.009489,0.038908,0.008291,0.035448,0.035265,0.036715,0.02366,0.011132,0.016803,0.018532,0.01711,0.065226,0.04098,0.065108,0.052692,0.041036,0.006305,0.059654,0.075705,0.981533,0.07421,111
0.004452,0.057404,0.008316,0.033345,0.016344,0.067119,0.055594,0.021643,0.016852,0.01744,0.019549,0.039047,0.036068,0.020435,0.031631,0.044826,0.021271,0.022624,0.065934,0.984414,0.074607,111
0.004611,0.038752,0.018637,0.053032,0.037563,0.051341,0.033096,0.01376,0.002328,0.005859,0.023708,0.062355,0.027136,0.021169,0.013133,0.047602,0.013049,0.029703,0.059215,0.985751,0.074888,111
0.008435,0.01901,0.010286,0.033315,0.031856,0.059142,0.029465,0.013043,0.006096,0.026251,0.027344,0.05941,0.038872,0.067822,0.031217,0.044945,0.01053,0.025116,0.070713,0.983534,0.074898,111
0.013058,0.028885,0.020607,0.039996,0.029764,0.026122,0.032737,0.017534,0.01861,0.00976,0.005435,0.050144,0.039001,0.07052,0.034743,0.038474,0.016301,0.034214,0.064851,0.985169,0.075202,111
0.013902,0.043169,0.027587,0.030746,0.042933,0.062161,0.028677,0.010428,0.003759,0.019754,0.035021,0.084071,0.025493,0.035767,0.021499,0.047153,0.024031,0.060545,0.080932,0.97973,0.074966,111
0.00061,0.030259,0.006684,0.036516,0.01144,0.041652,0.028273,0.010915,0.009809,0.003873,0.01294,0.048567,0.052084,0.080228,0.086942,0.073018,0.022833,0.051417,0.078116,0.977424,0.074967,111
0.042848,0.034039,0.017828,0.0287,0.016084,0.016788,0.029167,0.008593,0.017733,0.020432,0.018689,0.060428,0.045574,0.045825,0.025085,0.036867,0.019172,0.042252,0.074933,0.984885,0.075719,111
0.004453,0.026455,0.015054,0.03483,0.024393,0.036837,0.025943,0.006874,0.013371,0.008609,0.017384,0.049445,0.055318,0.050992,0.027399,0.060643,0.010352,0.041747,0.067851,0.984818,0.075893,111
0.034292,0.048298,0.018644,0.027509,0.021742,0.029884,0.037864,0.01325,0.007568,0.022183,0.03351,0.038263,0.040786,0.03459,0.028209,0.027007,0.008255,0.047344,0.065363,0.986157,0.076176,111
0.014364,0.057626,0.035477,0.049059,0.025073,0.043616,0.039145,0.014534,0.008677,0.015647,0.029624,0.061227,0.030895,0.048168,0.03456,0.049229,0.020412,0.059559,0.081499,0.979965,0.075876,111
0.048065,0.038069,0.016242,0.025264,0.036186,0.030775,0.039507,0.011685,0.007267,0.013659,0.019557,0.044338,0.022785,0.027257,0.023925,0.044843,0.026839,0.067899,0.062937,0.984794,0.07643,111
0.017932,0.026845,0.047714,0.031348,0.02711,0.042016,0.038664,0.018328,0.00882,0.01773,0.012787,0.054225,0.023443,0.022253,0.01029,0.039764,0.017979,0.025897,0.058721,0.987793,0.070439,112
0.018074,0.032188,0.031691,0.023457,0.032535,0.051452,0.044436,0.005056,0.003207,0.009182,0.02158,0.050474,0.02113,0.015341,0.013129,0.026854,0.014455,0.055037,0.050544,0.987884,0.07061,112
0.007896,0.061467,0.026552,0.031755,0.02535,0.040245,0.063987,0.030293,0.005605,0.01623,0.026337,0.046102,0.010727,0.020497,0.012047,0.029159,0.015842,0.029556,0.05804,0.986428,0.070671,112
0.015089,0.046662,0.036014,0.039868,0.016984,0.020982,0.045311,0.011362,0.012012,0.023926,0.012971,0.058769,0.024836,0.039273,0.026224,0.030336,0.012147,0.030022,0.065588,0.986571,0.070846,112
0.006644,0.024948,0.038656,0.024838,0.018754,0.039921,0.036994,0.020565,0.00669,0.006234,0.013203,0.051315,0.030721,0.021199,0.022381,0.039372,0.017119,0.02917,0.05291,0.989009,0.071186,112
0.011967,0.027508,0.061742,0.023837,0.029244,0.038048,0.046792,0.014652,0.005596,0.011575,0.006574,0.058517,0.031424,0.033177,0.020874,0.048721,0.017928,0.038734,0.066804,0.984961,0.071059,112
0.014821,0.034278,0.019116,0.02388,0.018381,0.029212,0.037323,0.005674,0.003937,0.01545,0.011774,0.074065,0.028088,0.055304,0.029403,0.049313,0.017204,0.036194,0.072449,0.985318,0.065769,113
0.01873,0.018855,0.021474,0.031578,0.024974,0.045024,0.016372,0.008442,0.003201,0.016041,0.009019,0.060549,0.04002,0.051548,0.040203,0.051094,0.00617,0.037489,0.069079,0.985789,0.065952,113
0.004946,0.0201,0.015782,0.017672,0.019312,0.026876,0.010923,0.008594,0.007392,0.007783,0.01142,0.058862,0.031077,0.060948,0.052662,0.070069,0.004875,0.023448,0.058997,0.986518,0.066153,113
0.027219,0.024351,0.004367,0.039107,0.027052,0.03045,0.009922,0.006849,0.003205,0.00915,0.030592,0.043015,0.04768,0.034277,0.048763,0.04764,0.011869,0.034551,0.065904,0.987045,0.066341,113
0.016655,0.026789,0.022153,0.023277,0.020441,0.039114,0.03721,0.003349,0.009113,0.016436,0.017491,0.063022,0.027783,0.040417,0.022888,0.042594,0.010071,0.063072,0.065465,0.986142,0.066432,113
0.075806,0.035786,0.003019,0.022015,0.019292,0.026058,0.031442,0.008585,0.0032,0.004276,0.025023,0.028391,0.035963,0.058297,0.021565,0.040403,0.015908,0.043013,0.066497,0.985476,0.066539,113
0.010818,0.01684,0.016811,0.036431,0.02184,0.054613,0.027487,0.010792,0,0.015002,0.00627,0.056916,0.035883,0.0351,0.021944,0.051062,0.01562,0.017502,0.061609,0.987791,0.066848,113
0.000521,0.039917,0.017793,0.028477,0.018173,0.029637,0.030607,0.024465,0.003202,0.003404,0.019152,0.054379,0.04305,0.04142,0.024527,0.050445,0.015109,0.046886,0.06897,0.986314,0.0669,113
0.020201,0.042029,0.016474,0.036637,0.028663,0.022557,0.037846,0.012833,0.001974,0.019092,0.005717,0.065291,0.019337,0.03091,0.026855,0.036026,0.010575,0.032868,0.062772,0.98774,0.067149,113
0.010173,0.024249,0.005383,0.023748,0.023904,0.024157,0.027362,0.002043,0.012097,0.01667,0.010335,0.060063,0.039087,0.04171,0.019992,0.039983,0.011886,0.043144,0.061535,0.988472,0.067351,113
0.008465,0.042547,0.021838,0.034324,0.010912,0.044292,0.028186,0.013845,0.000986,0.004672,0.024879,0.042439,0.023102,0.038064,0.021273,0.052378,0.016909,0.058866,0.056349,0.987069,0.067407,113
0.008581,0.029775,0.01677,0.057734,0.026326,0.022899,0.018376,0.004656,0.007137,0.01691,0.005336,0.05224,0.030824,0.057896,0.050317,0.055129,0.010064,0.02981,0.06536,0.985429,0.067447,113
0.013543,0.026537,0.033592,0.019135,0.028412,0.018188,0.020848,0.011949,0.003204,0.006132,0.00866,0.058237,0.036727,0.062367,0.034032,0.031801,0.014793,0.047768,0.062313,0.986921,0.067702,113
0.003896,0.024146,0.01139,0.02012,0.017228,0.014984,0.024233,0.006685,0.009341,0.00825,0.017641,0.052321,0.028221,0.075711,0.074405,0.058436,0.008917,0.042959,0.061678,0.984237,0.067669,113
0.002215,0.027104,0.01311,0.041213,0.026613,0.027303,0.015684,0.00627,0.005427,0.006331,0.014383,0.043258,0.030071,0.061217,0.032419,0.060399,0.015455,0.027316,0.055653,0.987643,0.068056,113
0.050059,0.022047,0.019841,0.014784,0.009329,0.008313,0.020296,0.008315,0.001974,0.005651,0.007932,0.027959,0.056275,0.040893,0.057328,0.032378,0.011555,0.035439,0.059086,0.988012,0.068233,113
0.046963,0.032888,0.029278,0.023129,0.007742,0.028124,0.02852,0.005255,0.006914,0.019306,0.018644,0.049739,0.023853,0.035532,0.013113,0.031588,0.008143,0.041873,0.057814,0.988706,0.068434,113
0.06298,0.042783,0.049344,0.016627,0.019306,0.019361,0.027873,0.015726,0.003202,0.016826,0.01473,0.044349,0.03041,0.032256,0.016023,0.026369,0.019656,0.045602,0.067711,0.986202,0.068412,113
0.007816,0.025316,0.032262,0.013317,0.012507,0.03481,0.016973,0.010204,0.005918,0.010613,0.020093,0.060716,0.04408,0.037676,0.027499,0.041427,0.016263,0.047788,0.064408,0.987339,0.068643,113
0.002208,0.02497,0.020105,0.041703,0.020406,0.014988,0.024526,0.009303,0.002213,0.004563,0.011764,0.059892,0.05722,0.050287,0.043087,0.060745,0.011838,0.032334,0.075641,0.984473,0.068596,113
0.029895,0.022489,0.021889,0.030652,0.011849,0.039243,0.013261,0.015192,0.007413,0.010538,0.018473,0.035883,0.047519,0.027766,0.023948,0.034866,0.007823,0.038481,0.057066,0.989399,0.069092,113
0.002862,0.032937,0.011747,0.015586,0.018849,0.036345,0.017239,0.003349,0.000985,0.0106,0.006812,0.051409,0.052281,0.062114,0.024194,0.053001,0.019166,0.042613,0.066974,0.986064,0.069011,113
0.005606,0.029308,0.027578,0.042065,0.012744,0.023753,0.047649,0.022467,0.002221,0.009647,0.022138,0.044579,0.030633,0.031919,0.016709,0.031026,0.013346,0.051241,0.057837,0.988105,0.069306,113
0.025393,0.032145,0.024186,0.025791,0.021593,0.022143,0.029907,0.012386,0.010845,0.020537,0.019716,0.074907,0.018391,0.035667,0.03665,0.029095,0.012192,0.037106,0.0661,0.986925,0.069375,113
0.00052,0.01911,0.014079,0.029472,0.011341,0.029592,0.020804,0.007706,0.01033,0.005245,0.008642,0.0476,0.050249,0.06144,0.051593,0.065899,0.012815,0.043837,0.067064,0.984833,0.06938,113
0.008844,0.025549,0.008723,0.036356,0.018389,0.026856,0.019675,0.007423,0.003201,0.002916,0.010859,0.050456,0.042807,0.068265,0.033338,0.048795,0.016724,0.052398,0.064159,0.985757,0.069597,113
0.011179,0.036457,0.027496,0.017025,0.012933,0.033944,0.024399,0.001455,0.006151,0.011561,0.01545,0.067281,0.03677,0.052112,0.025478,0.035932,0.027749,0.060455,0.069471,0.985154,0.069706,113
0.005734,0.025187,0.042693,0.033719,0.018879,0.018993,0.016547,0.022311,0,0.008084,0.01088,0.043258,0.056856,0.030708,0.022923,0.04645,0.006507,0.03884,0.063787,0.987647,0.070035,113
0.011852,0.023806,0.018479,0.020595,0.019551,0.018983,0.027468,0.002332,0.003944,0.010806,0.004976,0.068136,0.042154,0.034677,0.041566,0.050892,0.010731,0.03498,0.0655,0.987106,0.070149,113
0,0.023236,0.025881,0.017569,0.013714,0.041475,0.044845,0.003517,0.000915,0.006234,0.009921,0.048565,0.055075,0.049939,0.035539,0.046101,0.008601,0.028901,0.068036,0.986581,0.065245,114
0.015767,0.028157,0.021902,0.026928,0.023076,0.017678,0.039641,0.011265,0.003903,0.011422,0.020252,0.045169,0.033902,0.035634,0.017068,0.027604,0.013173,0.03615,0.057904,0.989952,0.065609,114
0.010532,0.03281,0.058087,0.024751,0.030429,0.041171,0.034086,0.016527,0.008479,0.01493,0.004968,0.053739,0.022695,0.021489,0.024033,0.026168,0.014962,0.032514,0.058202,0.988103,0.065628,114
0.008601,0.035505,0.031877,0.025155,0.016494,0.04635,0.02167,0.016132,0.007338,0.007878,0.003086,0.051629,0.04252,0.03207,0.02405,0.035629,0.010587,0.021427,0.061306,0.988802,0.065816,114
0.005214,0.040249,0.031279,0.023434,0.021165,0.04455,0.034944,0.01289,0.006885,0.004713,0.023163,0.040385,0.031192,0.021152,0.011883,0.034148,0.010596,0.035743,0.05333,0.989671,0.066016,114
0.023638,0.023812,0.026267,0.022266,0.011638,0.007362,0.031053,0.008681,0.006425,0.018393,0.017668,0.061267,0.027005,0.026525,0.021933,0.046107,0.014225,0.026601,0.061424,0.989402,0.06614,114
0.00764,0.03312,0.026278,0.041645,0.023919,0.037191,0.019683,0.030125,0.006657,0.012962,0.018361,0.047447,0.023397,0.014288,0.016761,0.03995,0.012717,0.021448,0.0551,0.989791,0.066307,114
0.023576,0.011684,0.021832,0.024333,0.018361,0.023863,0.025098,0.004735,0.003891,0.010573,0.001711,0.058561,0.041876,0.050137,0.031598,0.058174,0.013886,0.03762,0.068161,0.986827,0.06625,114
0.004968,0.043147,0.018754,0.01974,0.023687,0.032009,0.038798,0.010304,0.005275,0.039576,0.01646,0.029814,0.031271,0.035412,0.022532,0.013851,0.012706,0.051194,0.057032,0.988953,0.066534,114
0.029899,0.02962,0.025396,0.014948,0.02079,0.0155,0.029658,0.013736,0.006902,0.007358,0.030441,0.039403,0.028864,0.017482,0.011606,0.018441,0.017297,0.016719,0.04799,0.992003,0.066881,114
0.058411,0.030107,0.025269,0.031099,0.012454,0.032682,0.030045,0.01651,0.001831,0.013378,0.022247,0.037464,0.021604,0.030719,0.007598,0.025764,0.014795,0.070505,0.059358,0.987068,0.06669,114
0.015363,0.032531,0.038384,0.015071,0.027661,0.051058,0.018967,0.014214,0.005725,0.020434,0.008217,0.070526,0.026848,0.017585,0.021279,0.028914,0.013592,0.040414,0.063923,0.987364,0.066851,114
0.00772,0.023949,0.009335,0.052986,0.009896,0.019047,0.015584,0.015658,0.007763,0.011992,0.002902,0.061704,0.041223,0.04467,0.070327,0.042873,0.010391,0.045831,0.070327,0.984585,0.066804,114
0.026268,0.040055,0.025918,0.026682,0.021341,0.043373,0.032747,0.007044,0.006416,0.019996,0.00925,0.057156,0.022897,0.035749,0.010647,0.04013,0.010578,0.026167,0.063694,0.988017,0.067178,114
0.009814,0.031565,0.029068,0.028256,0.016074,0.038631,0.027426,0.010169,0.006422,0.011049,0.010802,0.059224,0.028622,0.025586,0.016137,0.038908,0.013311,0.038097,0.058685,0.988943,0.067383,114
0.012597,0.019976,0.023747,0.020894,0.012474,0.017654,0.027016,0.009894,0.005502,0.018921,0,0.060412,0.042155,0.042443,0.035307,0.038391,0.011946,0.024993,0.064355,0.988607,0.067502,114
0.003754,0.035236,0.045296,0.045842,0.022406,0.040448,0.050677,0.013144,0.002063,0.008689,0.027589,0.038924,0.019597,0.007597,0.006695,0.030707,0.009373,0.041646,0.050986,0.988398,0.067629,114
0.036483,0.043289,0.025951,0.040849,0.026023,0.037908,0.036268,0.00868,0.0039,0.012321,0.00909,0.045877,0.019309,0.019289,0.012488,0.029222,0.015585,0.012703,0.056156,0.989283,0.067831,114
0.055504,0.038573,0.018132,0.018389,0.027711,0.027231,0.04563,0.014917,0.008488,0.017935,0.019721,0.038886,0.014671,0.017617,0.014922,0.024055,0.013011,0.03096,0.056419,0.989141,0.067963,114
0.067837,0.030358,0.048038,0.02337,0.010554,0.012117,0.046998,0.011096,0.002747,0.0094,0.005818,0.038331,0.026837,0.027755,0.025221,0.030913,0.007548,0.042378,0.061489,0.986965,0.067955,114
0.006302,0.040486,0.02001,0.021488,0.021579,0.045266,0.024089,0.020072,0.005506,0.007247,0.011491,0.043323,0.037087,0.044881,0.010964,0.029473,0.015433,0.026597,0.057428,0.989236,0.068253,114
0.066472,0.038086,0.056742,0.017567,0.020041,0.019817,0.049509,0.015958,0.003889,0.011924,0.011971,0.045611,0.01971,0.02848,0.010022,0.023487,0.010561,0.030876,0.063971,0.986439,0.068201,114
0.00861,0.029681,0.024714,0.0215,0.017357,0.026144,0.022897,0.010856,0.007345,0.016496,0.008065,0.049059,0.047507,0.030061,0.015846,0.034405,0.009992,0.027803,0.060743,0.989791,0.068574,114
0.009205,0.016794,0.006249,0.023215,0.018393,0.005884,0.023136,0.00122,0.002751,0.022813,0.01234,0.05806,0.02571,0.04448,0.034089,0.043299,0.006502,0.058314,0.054734,0.988569,0.068631,114
0.006781,0.023277,0.025926,0.027851,0.024941,0.03493,0.03035,0.009485,0.00298,0.003892,0.021076,0.055966,0.025347,0.024458,0.022517,0.042407,0.020407,0.053144,0.056725,0.988321,0.068755,114
0.055856,0.021128,0.02813,0.033868,0.013535,0.020603,0.021138,0.014372,0.002981,0.008875,0.010116,0.028336,0.039419,0.036524,0.027403,0.032486,0.014823,0.033732,0.058684,0.988935,0.06894,114
0.00801,0.030598,0.020664,0.022293,0.015677,0.021375,0.036719,0.01263,0.0085,0.021318,0.007728,0.054144,0.028517,0.021543,0.013725,0.03746,0.010455,0.015901,0.055091,0.990602,0.069198,114
0.003142,0.035919,0.025559,0.042265,0.02805,0.048796,0.029351,0.012169,0.004803,0.004245,0.019833,0.054305,0.02712,0.035868,0.019432,0.048845,0.018101,0.04551,0.064658,0.986189,0.06903,114
0.020043,0.023351,0.031022,0.038417,0.021839,0.019918,0.030313,0.020525,0.011497,0.014618,0.014783,0.037362,0.017462,0.013197,0.017705,0.029287,0.004246,0.031033,0.044432,0.991463,0.069542,114
0.009298,0.024061,0.019013,0.03731,0.023751,0.038563,0.030174,0.008121,0.001932,0.002882,0.015885,0.027775,0.02426,0.027762,0.008548,0.036177,0.012174,0.036396,0.042135,0.991613,0.065048,115
0.021079,0.029047,0.040929,0.017558,0.01088,0.039229,0.040168,0.01116,0.002789,0.005336,0.016037,0.027823,0.034441,0.016995,0.015663,0.021081,0.015563,0.032664,0.048475,0.991059,0.065144,115
0.039711,0.03504,0.033073,0.042225,0.012081,0.007924,0.024304,0.020187,0.000859,0.005597,0.007546,0.02666,0.017216,0.007986,0.017677,0.018747,0.018555,0.024155,0.040282,0.992203,0.065352,115
0.00351,0.035683,0.012852,0.022427,0.02352,0.024068,0.031632,0.004561,0.005573,0.015657,0.018747,0.041478,0.019657,0.043663,0.013658,0.032477,0.019931,0.0471,0.051119,0.990207,0.065352,115
0.016666,0.020603,0.023982,0.016298,0.007916,0.015491,0.028917,0.013194,0.00794,0.013473,0.01877,0.055038,0.026019,0.013531,0.011681,0.030868,0.013163,0.038989,0.051259,0.991438,0.065566,115
0.020085,0.022648,0.02254,0.037881,0.015846,0.005513,0.019797,0.011936,0.004296,0.011959,0.030509,0.043643,0.012735,0.017538,0.01825,0.01993,0.0102,0.03568,0.040872,0.992349,0.065759,115
0.012979,0.036279,0.062306,0.019289,0.014381,0.033928,0.02804,0.010104,0.003418,0.010714,0.016929,0.060296,0.017695,0.020724,0.032616,0.042576,0.008031,0.046947,0.060144,0.986999,0.065536,115
0.006249,0.02793,0.03576,0.029764,0.00833,0.014491,0.020074,0.017546,0.00086,0.002463,0.021224,0.021661,0.022734,0.02069,0.016846,0.007203,0.01844,0.0294,0.030122,0.993648,0.06611,115
0.018047,0.022058,0.014055,0.037529,0.019614,0.01034,0.02657,0.013718,0.003652,0.025536,0.015259,0.019248,0.029485,0.024142,0.030805,0.014981,0.015304,0.022306,0.043727,0.992612,0.066174,115
