f1,f4,f8,f12,f13,f14,f19,f24,f28,f30,f32,f35,f36,f50,f52,f53,f54,f60,f66,f74,f76,f81,f82,f86,f89,f90,class
0.839088,0.309366,0.314465,0.249999,0.687644,0.216563,0.353078,0.626228,0.983097,0.974639,0.854163,0.285353,0.518385,0.282485,0.286889,0.840543,0.325813,0.262347,0.646073,1,0.835072,0.311162,0.579755,0.41691,0.63619,0.327175,0
0.698856,0.168749,0.172964,0.155054,0.643355,0.143316,0.421795,0.268845,0.569011,0.692952,0.776787,0.047146,0.879589,0.180795,0.144813,0.644648,0.16129,0.277773,0.331464,0.201804,0.256545,0.150217,0.659503,0.810497,0.167318,0.781002,0
0.749427,0.118746,0.122646,0.123422,0.687644,0.114645,0.367302,0.508201,0.847888,0.907041,0.904755,0.255578,0.591969,0.214684,0.202189,0.835997,0.212907,0.2716,0.724719,0.750001,0.544502,0.510727,0.303686,0.279877,0.780154,0.308709,0
0.563224,0.237492,0.242137,0.227852,0.503489,0.194262,0.225114,0.442622,0.802813,0.898584,0.883927,0,0.648823,0.138412,0.174864,0.710704,0.229031,0.188266,0.407307,0.608429,0.602087,0.160944,0.549078,0.399416,0.488332,0.269133,0
0.689657,0.321867,0.323906,0.303795,0.61771,0.296181,0.414689,0.826223,0.95775,0.833797,0.681543,0.516132,0.341135,0.378527,0.29508,0.920273,0.26451,0.206786,0.564612,0.948797,1,0.448499,0.911043,0.644322,0.529179,0.382582,0
0.882765,0.309366,0.314465,0.490498,0.755239,0.595542,0.421795,0.590167,0.464784,0.39155,0.339286,0.45658,0.414719,0.316387,0.213119,0.965837,0.187098,0.475307,0.74439,0.33735,0.251309,0.478542,0.57668,0.690961,0.836572,0.591025,0
0.742534,0.718755,0.729566,0.699363,0.710951,0.601912,0.504735,0.577051,0.864791,0.954925,0.964284,0.178654,0.725744,0.51977,0.565572,0.872433,0.696777,0.46296,0.629218,0.83433,0.75392,0.268238,0.708586,0.620996,0.556417,0.543539,0
0.813797,0.615628,0.534595,0.348102,0.529134,0.401279,0.246444,0.881958,0.760563,0.667604,0.58631,0.540943,0.448152,0.564971,0.431689,0.772213,0.48387,0.425933,0.665732,0.822295,0.599475,0.439912,0.506129,0.562682,0.710119,0.60158,0
0.81609,0.656249,0.490566,0.329113,0.552441,0.30573,0.267773,0.619671,0.870424,0.859156,0.67559,0.401981,0.438125,0.581922,0.554643,0.906611,0.587104,0.425933,0.620784,0.789153,0.68324,0.358369,0.521475,0.518953,0.678988,0.543539,0
0.777013,0.596876,0.559754,0.395568,0.587414,0.423567,0.291467,0.767216,0.853522,0.794369,0.678573,0.444175,0.454842,0.615823,0.543713,0.7631,0.506459,0.447533,0.775286,0.813252,0.594239,0.454934,0.506129,0.533525,0.714011,0.606857,0
0.829889,0.543754,0.559754,0.430374,0.736596,0.375799,0.421795,0.55082,0.777466,0.808448,0.755947,0.339953,0.384609,0.567803,0.551916,0.890664,0.622584,0.302467,0.452255,0.75903,0.714655,0.186694,0.733128,0.533525,0.529179,0.456467,0
0.887354,0.599995,0.584913,0.512659,0.81352,0.468156,0.568723,0.498357,0.678873,0.735215,0.794646,0.287842,0.722407,0.471749,0.519127,0.929386,0.658064,0.549387,0.536519,0.572295,0.557587,0.223172,0.809814,0.711377,0.507785,0.517152,0
0.236789,0.212503,0.182393,0.120248,0.512816,0.114645,0.85545,0.688521,0.791546,0.800002,0.773806,0.813904,0.478262,0.240116,0.23224,0.16857,0.25484,0.1358,0.410109,0.659645,0.557587,0.678108,0.300611,0.192419,0.309343,0.24538,0
0.140233,0.140616,0.132087,0.151898,0.515142,0.216563,0.646922,0.780331,0.7831,0.70422,0.574404,0.431756,0.19398,0.076272,0.038255,0.152625,0.032261,0.098773,0.516861,0.638552,0.518322,0.448499,0.282205,0.241979,0.140081,0.240104,0
0.128741,0.206254,0.210702,0.177216,0.330999,0.162412,0.604264,0.685249,0.794369,0.816893,0.8006,0.687347,0.508358,0.200563,0.193997,0.100231,0.225812,0.191361,0.412925,0.695779,0.633503,0.703858,0.558287,0.346945,0.367702,0.26649,0
0.151727,0.265626,0.264159,0.218352,0.382277,0.226113,0.592417,0.770489,0.836619,0.822526,0.723212,0.540943,0.414719,0.327687,0.319677,0.107061,0.351608,0.259266,0.49719,0.73795,0.617795,0.549358,0.398765,0.300294,0.223736,0.398415,0
0.18391,0.22499,0.210702,0.164557,0.36596,0.165604,0.575829,0.586881,0.79718,0.819716,0.803568,0.694788,0.632106,0.211865,0.213119,0.107061,0.261291,0.234574,0.311793,0.602405,0.562823,0.701716,0.656441,0.431494,0.404666,0.308709,0
0.190804,0.196869,0.185544,0.148725,0.456874,0.171974,0.708533,0.740984,0.828162,0.825351,0.761899,0.727053,0.548495,0.220334,0.207654,0.127565,0.25484,0.185187,0.415729,0.689754,0.617795,0.71888,0.564409,0.338192,0.375487,0.255934,0
0.714949,0.771877,0.748435,0.683545,0.412586,0.684707,0.215645,0.839338,0.805636,0.777466,0.744041,0.459056,0.655512,0.725996,0.666666,0.74488,0.745161,0.666667,0.780904,0.786147,0.672767,0.377684,0.687119,0.679298,0.643965,0.707117,0
0.574717,0.865621,0.874218,0.870249,0.533798,0.856682,0.400478,0.7541,0.805636,0.833797,0.809522,0.290318,0.692297,0.737297,0.691252,0.674266,0.793544,0.706787,0.769667,0.795178,0.672767,0.332619,0.745399,0.758015,0.513618,0.728227,0
0.482762,0.706254,0.710696,0.686703,0.35897,0.678337,0.116115,0.806548,0.766198,0.721123,0.67559,0.302723,0.484952,0.49435,0.431689,0.660593,0.461294,0.490747,0.750009,0.689754,0.562823,0.41201,0.490797,0.495627,0.65175,0.625334,0
0.632181,0.67812,0.663529,0.60126,0.386941,0.601912,0.189573,0.773772,0.805636,0.791545,0.744041,0.277911,0.612038,0.485881,0.546451,0.783601,0.67742,0.611107,0.612362,0.680724,0.646598,0.248923,0.779136,0.737612,0.424129,0.612135,0
0.590809,0.781246,0.783022,0.74367,0.487171,0.659241,0.154021,0.672134,0.873237,0.864791,0.809522,0.002476,0.471573,0.641243,0.644807,0.7016,0.751613,0.506173,0.528098,0.73795,0.680627,0.006437,0.656441,0.419832,0.404666,0.411614,0
0.627593,0.749994,0.761015,0.727853,0.552441,0.665597,0.274879,0.659018,0.856334,0.940846,0.898801,0.04218,0.668891,0.641243,0.661201,0.728934,0.767751,0.604933,0.634836,0.620478,0.612559,0.118021,0.819011,0.696792,0.33463,0.527707,0
0.740228,0.35312,0.358493,0.360761,0.650345,0.347127,0.386254,0.354098,0.467607,0.464783,0.425596,0.511167,0.324418,0.307905,0.29508,0.790433,0.341936,0.351853,0.480335,0.379522,0.340309,0.585836,0.417172,0.46647,0.785988,0.464377,1
0.896553,0.399992,0.39937,0.405055,0.881115,0.404457,0.675357,0.393445,0.495778,0.504223,0.476189,0.36724,0.40803,0.370058,0.368849,0.995443,0.441938,0.429013,0.516861,0.43373,0.387433,0.39914,0.493859,0.518953,0.673154,0.493398,1
0.885061,0.371871,0.374225,0.37975,0.843817,0.372607,0.649287,0.34754,0.470418,0.484509,0.464283,0.342429,0.404678,0.344638,0.344263,0.961278,0.416129,0.416667,0.494387,0.409645,0.369113,0.317597,0.475465,0.483965,0.564202,0.453822,1
0.602302,0.534371,0.537746,0.544307,0.400933,0.547774,0.246444,0.554092,0.653525,0.66197,0.642855,0.255578,0.598659,0.466099,0.453549,0.779045,0.545158,0.546293,0.634836,0.539153,0.486906,0.461368,0.579755,0.583098,0.694548,0.548816,1
0.871261,0.559373,0.566044,0.575942,0.869461,0.57961,0.789096,0.544262,0.625354,0.630987,0.624997,0.337464,0.638796,0.477399,0.483611,0.936218,0.60968,0.65124,0.63764,0.557227,0.513086,0.324032,0.708586,0.673466,0.517511,0.564637,1
0.751721,0.309366,0.314465,0.316454,0.745912,0.324839,0.661134,0.344254,0.44507,0.442246,0.41666,0.352358,0.327756,0.322037,0.308748,0.651478,0.364512,0.376547,0.488769,0.391571,0.348169,0.613727,0.432517,0.46647,0.459142,0.448545,1
0.797704,0.546872,0.556616,0.553795,0.652671,0.541404,0.367302,0.577051,0.639433,0.639433,0.624997,0.496273,0.625417,0.516951,0.502732,0.806378,0.596775,0.641973,0.679784,0.545178,0.492142,0.356216,0.619629,0.673466,0.640082,0.630611,1
0.841381,0.64063,0.65095,0.484182,0.734258,0.487266,0.485782,0.570494,0.628165,0.625353,0.607138,0.39454,0.591969,0.50565,0.491803,0.726649,0.580652,0.57408,0.651692,0.569276,0.51571,0.579401,0.64417,0.679298,0.752917,0.65171,1
0.885061,0.624997,0.63208,0.525318,0.762229,0.503184,0.481041,0.55082,0.619719,0.619719,0.601186,0.543419,0.565211,0.471749,0.445357,0.785874,0.525802,0.561733,0.665732,0.557227,0.492142,0.452792,0.619629,0.647231,0.706226,0.588392,1
0.845982,0.446877,0.452841,0.477853,0.661999,0.535034,0.443124,0.514759,0.569011,0.569011,0.553576,0.531014,0.511695,0.43221,0.431689,0.724377,0.51613,0.53704,0.623599,0.503019,0.45549,0.497847,0.58589,0.606411,0.741249,0.564637,1
0.882765,0.512501,0.515725,0.518989,0.881115,0.522294,0.829378,0.531146,0.619719,0.633798,0.613091,0.258067,0.57859,0.52542,0.508197,0.7631,0.599994,0.5926,0.660113,0.56627,0.502614,0.255369,0.595087,0.635568,0.550583,0.604224,1
0.82069,0.612496,0.619501,0.484182,0.778546,0.487266,0.511841,0.534418,0.605628,0.602816,0.595233,0.38461,0.525074,0.42656,0.426236,0.785874,0.51613,0.533947,0.640455,0.542172,0.486906,0.491412,0.592026,0.629737,0.727631,0.596302,1
0.16782,0.406242,0.415102,0.468351,0.405596,0.464965,0.635063,0.472125,0.552109,0.549297,0.520828,0.526062,0.461531,0.367227,0.352466,0.150341,0.416129,0.46296,0.514046,0.400601,0.369113,0.590129,0.475465,0.518953,0.295724,0.501319,1
0.172418,0.384372,0.41824,0.455692,0.442883,0.461786,0.658769,0.495085,0.563377,0.557742,0.526781,0.478903,0.471573,0.395478,0.382517,0.182231,0.451609,0.487653,0.578652,0.49097,0.439794,0.675966,0.539881,0.574345,0.357975,0.543539,1
0.066666,0.446877,0.487428,0.49367,0.494173,0.499992,0.639804,0.531146,0.597183,0.594359,0.559528,0.287842,0.50502,0.43221,0.437154,0.127565,0.500007,0.530867,0.620784,0.518074,0.460726,0.478542,0.558287,0.597671,0.192607,0.548816,1
0.085064,0.249992,0.261008,0.272146,0.076922,0.283442,0.263031,0.44918,0.538029,0.543663,0.514876,0.756829,0.451504,0.361589,0.35792,0.093399,0.416129,0.42284,0.558993,0.430724,0.376961,0.678108,0.472391,0.510212,0.552534,0.474932,1
0.193097,0.365621,0.402522,0.430374,0.550115,0.439485,0.680098,0.478683,0.543663,0.535205,0.50297,0.382134,0.444815,0.372877,0.35792,0.214124,0.44839,0.46296,0.55056,0.451804,0.397906,0.364803,0.496933,0.510212,0.159534,0.490764,1
0.062065,0.306247,0.305037,0.398739,0.42424,0.394909,0.599522,0.422948,0.512669,0.512668,0.476189,0.496273,0.391299,0.347457,0.336072,0.093399,0.406458,0.429013,0.530901,0.448798,0.403142,0.583684,0.487723,0.527694,0.221795,0.501319,1
0.535639,0.634379,0.64466,0.651897,0.477856,0.662419,0.379148,0.714753,0.746472,0.74366,0.726182,0.310177,0.685622,0.576272,0.568311,0.630987,0.67742,0.679013,0.747193,0.635546,0.565446,0.300423,0.665638,0.679298,0.521404,0.664909,1
0.528733,0.52187,0.531457,0.537977,0.463864,0.547774,0.324643,0.636058,0.712678,0.715489,0.708337,0.188585,0.662202,0.516951,0.500006,0.592253,0.599994,0.645067,0.699443,0.617473,0.557587,0.216737,0.680983,0.696792,0.284046,0.656987,1
0.590809,0.593744,0.600631,0.604432,0.508153,0.61146,0.308055,0.632786,0.684507,0.676049,0.654761,0.362288,0.622065,0.570622,0.551916,0.5467,0.648393,0.620373,0.679784,0.632528,0.565446,0.547205,0.714722,0.749275,0.603118,0.717672,1
0.505747,0.687502,0.698117,0.696205,0.414912,0.691077,0.227491,0.688521,0.752106,0.760563,0.758929,0.280402,0.735787,0.663844,0.64208,0.642375,0.751613,0.71296,0.77247,0.746995,0.662307,0.28326,0.769942,0.778431,0.511677,0.738782,1
0.570117,0.687502,0.685537,0.667714,0.433567,0.662419,0.232221,0.659018,0.71549,0.721123,0.708337,0.347393,0.678932,0.607342,0.590158,0.653763,0.696777,0.666667,0.741575,0.665669,0.599475,0.343347,0.726993,0.746365,0.560309,0.72295,1
0.606901,0.67812,0.688689,0.667714,0.442883,0.649679,0.229855,0.698351,0.752106,0.752105,0.741071,0.280402,0.712366,0.587572,0.571037,0.712988,0.680653,0.648147,0.724719,0.6747,0.594239,0.330466,0.723931,0.73178,0.599225,0.688652,1
0.850582,0.621878,0.63208,0.560124,0.850805,0.499992,0.853072,0.262287,0.323939,0.343665,0.357145,0.925567,0.411367,0.567803,0.565572,0.924829,0.658064,0.583333,0.525283,0.271079,0.230364,0.912009,0.349695,0.501459,0.838525,0.556727,2
0.76552,0.621878,0.62579,0.585443,0.755239,0.563692,0.720379,0.252456,0.247884,0.219712,0.193448,0.75434,0.247482,0.573453,0.576502,0.779045,0.687092,0.608027,0.539323,0.147596,0.09424,0.684542,0.211653,0.428572,0.710119,0.572559,2
0.786212,0.656249,0.666668,0.623421,0.787873,0.608282,0.781991,0.409832,0.394362,0.338032,0.24107,0.759304,0.070233,0.480231,0.502732,0.806378,0.612899,0.564813,0.480335,0.156627,0.117796,0.714586,0.273008,0.46647,0.700392,0.58047,2
0.439084,0.721873,0.720138,0.569626,0.400933,0.471334,0.33649,0.157376,0.292959,0.3493,0.398814,0.379658,0.535116,0.709046,0.661201,0.469244,0.696777,0.373453,0.289331,0.144576,0.175392,0.384118,0.552152,0.784262,0.418285,0.775725,2
0.758626,0.562492,0.572334,0.582271,0.74825,0.59872,0.736969,0.111469,0,0,0,0.794046,0.093638,0.661025,0.598362,0.806378,0.558063,0.151239,0,0.072296,0.185865,0.770379,0.622703,0.801757,0.803501,0.778357,2
0.829889,0.690621,0.694978,0.696205,0.827499,0.697447,0.791462,0.386887,0.346478,0.298592,0.214289,0.863526,0.080259,0.477399,0.532783,0.8451,0.680653,0.811734,0.890457,0.66265,0.541879,0.804717,0.423307,0.338192,0.803501,0.261211,2
0.604596,0.784378,0.767305,0.651897,0.587414,0.566884,0.58057,0.111469,0.250707,0.332397,0.377973,0.60546,0.4816,0.663844,0.617483,0.678812,0.696777,0.49692,0.348319,0.135547,0.198948,0.560086,0.487723,0.670557,0.59144,0.691296,2
0.70115,0.796879,0.801892,0.765817,0.734258,0.722927,0.654028,0.340982,0.247884,0.202821,0.145837,0.645165,0.210697,0.658194,0.663929,0.719819,0.770969,0.5216,0.320226,0.174699,0.243449,0.611586,0.58589,0.705545,0.66732,0.728227,2
0.625288,0.806249,0.820761,0.806966,0.6247,0.742037,0.571087,0.186879,0.16056,0.222534,0.247024,0.63276,0.290971,0.621473,0.636615,0.719819,0.787093,0.626547,0.500005,0.114454,0.154448,0.566521,0.453985,0.597671,0.585606,0.654354,2
0.606901,0.818749,0.83019,0.838601,0.599067,0.843943,0.578193,0.881958,0.898584,0.898584,0.892849,0.63276,0.879589,0.754234,0.729507,0.653763,0.864519,0.858028,0.915735,0.83735,0.740836,0.605151,0.895697,0.912541,0.605059,0.852241,2
0.588503,0.806249,0.811332,0.822784,0.578086,0.828024,0.556876,0.363927,0.228171,0.18873,0.157743,0.568243,0.29766,0.731647,0.704921,0.646921,0.816135,0.589507,0.412925,0.219879,0.293197,0.572955,0.668712,0.819251,0.612844,0.85752,2
0.606901,0.843751,0.849058,0.765817,0.580412,0.675159,0.582934,0.101641,0.194366,0.239438,0.297616,0.645165,0.421394,0.734466,0.704921,0.674266,0.793544,0.552467,0.365174,0.060245,0.133505,0.641629,0.533745,0.685129,0.63619,0.775725,2
0.450577,0.709372,0.707558,0.680374,0.391605,0.659241,0.284361,0.331152,0.326764,0.329574,0.309521,0.215885,0.20736,0.638424,0.680323,0.526197,0.861287,0.876546,0.792141,0.43373,0.324601,0.236054,0.395704,0.623906,0.396891,0.701851,2
0.496548,0.734374,0.738994,0.712022,0.440557,0.671967,0.348337,0.327866,0.292959,0.31267,0.264883,0.267982,0.217386,0.697745,0.71585,0.583149,0.883875,0.743827,0.598323,0.168676,0.2356,0.293988,0.426382,0.664726,0.437748,0.751981,2
0.422992,0.749994,0.754725,0.680374,0.426566,0.59872,0.44076,0.131145,0.171827,0.166193,0.124997,0.498762,0.133775,0.717515,0.718577,0.473802,0.861287,0.820987,0.626403,0.195779,0.149211,0.390553,0.125772,0.215745,0.443582,0.353562,2
0.473563,0.706254,0.713848,0.702534,0.428904,0.63057,0.400478,0.144259,0.211268,0.211266,0.202383,0.436721,0.260861,0.677964,0.658464,0.567203,0.780642,0.601853,0.432584,0.126502,0.109949,0.394847,0.190186,0.361518,0.496107,0.535617,2
0.501148,0.762495,0.742145,0.588601,0.410248,0.433115,0.315161,0.013117,0.214079,0.292957,0.375003,0.401981,0.558522,0.709046,0.688527,0.48519,0.777421,0.54012,0.387636,0.123499,0.117796,0.27039,0.328215,0.539357,0.418285,0.662265,2
0.498854,0.759376,0.729566,0.598102,0.484845,0.499992,0.457348,0.131145,0.199999,0.202821,0.187495,0.503727,0.18394,0.652544,0.672131,0.560361,0.82904,0.848774,0.764049,0.361448,0.259157,0.422749,0.196321,0.230317,0.429963,0.250657,2
0.443684,0.659368,0.660378,0.664556,0.431229,0.662419,0.386254,0.363927,0.349301,0.315495,0.252975,0.317618,0.150492,0.50565,0.549178,0.3918,0.709681,0.737653,0.752812,0.418675,0.308905,0.356216,0.266873,0.314866,0.356034,0.385227,2
0.482762,0.796879,0.805044,0.787977,0.456874,0.748407,0.327007,0.426234,0.383094,0.343665,0.30357,0.277911,0.247482,0.607342,0.650272,0.432807,0.832258,0.8426,0.831471,0.509031,0.39267,0.341194,0.340485,0.402338,0.356034,0.485487,2
0.540226,0.831251,0.839631,0.810125,0.494173,0.761147,0.390995,0.540976,0.523937,0.495778,0.443454,0.374693,0.384609,0.576272,0.609291,0.466971,0.767751,0.851854,0.898879,0.569276,0.479058,0.324032,0.444788,0.460639,0.338523,0.469655,2
0.466669,0.821867,0.83019,0.825955,0.463864,0.815285,0.376772,0.524588,0.478876,0.425356,0.351191,0.382134,0.260861,0.53672,0.581967,0.469244,0.758065,0.873453,0.879222,0.515055,0.408378,0.341194,0.377298,0.41691,0.356034,0.451189,2
0.501148,0.803131,0.808181,0.73734,0.454536,0.662419,0.364925,0.321308,0.37746,0.380282,0.354162,0.42184,0.344472,0.689264,0.707646,0.494305,0.851615,0.827159,0.741575,0.418675,0.345545,0.392706,0.380372,0.481055,0.404666,0.548816,2
0.514946,0.834369,0.842768,0.784806,0.456874,0.697447,0.322278,0.334424,0.360557,0.369014,0.351191,0.250624,0.314377,0.697745,0.737697,0.387242,0.893547,0.716053,0.573033,0.310246,0.293197,0.319738,0.417172,0.655985,0.338523,0.79419,2
0.432191,0.06249,0.066037,0.069612,0.414912,0.066878,0.334125,0.052463,0.191553,0.202821,0.178572,0.133997,0.150492,0.446329,0.475408,0.18679,0.603227,0.703707,0.842696,0.768073,0.670156,0.564379,0.776077,0.781342,0.603118,0.725594,3
0.558624,0.068741,0.072327,0.075942,0.550115,0.076425,0.526064,0.072138,0.194366,0.194365,0.139886,0.414386,0.033448,0.152542,0.177603,0.211851,0.25484,0.413587,0.646073,0.707828,0.649211,0.414162,0.858899,0.900878,0.558368,0.849598,3
0.570117,0.06249,0.062899,0.066454,0.559443,0.066878,0.521323,0.052463,0.180286,0.180284,0.145837,0.312653,0.086949,0.367227,0.407103,0.259675,0.538706,0.67284,0.820234,0.780124,0.696335,0.581542,0.840491,0.833823,0.673154,0.759892,3
0.501148,0.243741,0.248427,0.253158,0.487171,0.251591,0.462089,0.259015,0.349301,0.338032,0.294645,0.414386,0.190628,0.163844,0.15847,0.273349,0.209674,0.314813,0.533704,0.578319,0.544502,0.111586,0.791409,0.86298,0.194558,0.844332,3
0.655179,0.240623,0.245291,0.249999,0.648019,0.251591,0.630334,0.272132,0.374647,0.374647,0.342256,0.684871,0.257522,0.223165,0.213119,0.697043,0.245168,0.225307,0.303371,0.156627,0.154448,0.465662,0.245392,0.329451,0.412451,0.36675,3
0.629887,0.112495,0.113217,0.11709,0.6247,0.117837,0.606628,0.134431,0.250707,0.247883,0.196432,0.590578,0.090301,0.223165,0.245907,0.364466,0.332264,0.469133,0.682587,0.716871,0.66492,0.579401,0.877304,0.91545,0.700392,0.852241,3
0.735629,0.159367,0.163522,0.167713,0.722604,0.171974,0.701415,0.167204,0.247884,0.233803,0.181543,0.535979,0.070233,0.180795,0.207654,0.271076,0.29032,0.429013,0.626403,0.656626,0.604711,0.364803,0.797544,0.845486,0.478595,0.812666,3
0.726442,0.159367,0.163522,0.164557,0.715615,0.162412,0.651651,0.134431,0.245074,0.239438,0.196432,0.464021,0.107018,0.220334,0.240442,0.316628,0.32258,0.432107,0.601126,0.614454,0.570682,0.418456,0.776077,0.836732,0.480547,0.804744,3
0.767814,0.209372,0.210702,0.215193,0.759903,0.216563,0.74171,0.226225,0.309862,0.301402,0.247024,0.640201,0.133775,0.186445,0.207654,0.446468,0.277415,0.398147,0.603941,0.635546,0.589003,0.512868,0.794482,0.833823,0.599225,0.788913,3
0.708043,0.078123,0.078617,0.085442,0.694633,0.079617,0.597158,0.019673,0.17465,0.197188,0.184524,0.359799,0.173912,0.485881,0.508197,0.476086,0.64516,0.756173,0.842696,0.750001,0.659684,0.834759,0.809814,0.82216,0.815178,0.767814,3
0.719536,0.143746,0.147804,0.148725,0.708625,0.149673,0.670616,0.121314,0.222535,0.211266,0.163684,0.466497,0.083611,0.322037,0.360658,0.34852,0.490322,0.638893,0.806181,0.75903,0.670156,0.721021,0.825146,0.854226,0.770428,0.802112,3
0.726442,0.053121,0.059747,0.060124,0.703961,0.050959,0.625593,0.029503,0.169017,0.174651,0.142854,0.513643,0.070233,0.186445,0.204927,0.394073,0.270963,0.3642,0.558993,0.590356,0.544502,0.480684,0.730053,0.787173,0.533071,0.762537,3
0.565518,0,0,0,0.53146,0,0.490524,0,0.140845,0.140844,0.095233,0.401981,0,0.076272,0.090164,0.223239,0.125811,0.200614,0.331464,0.280123,0.272253,0.113738,0.414111,0.510212,0.188712,0.551449,3
0.494254,0.140616,0.141516,0.132907,0.431229,0.121015,0.289102,0.190166,0.37746,0.408453,0.404754,0.129032,0.381272,0.593222,0.606553,0.53987,0.741942,0.768519,0.839891,0.768073,0.680627,0.630901,0.828221,0.845486,0.630356,0.791556,3
0.52184,0.190621,0.182393,0.180375,0.491835,0.171974,0.436018,0.183607,0.304226,0.31267,0.279757,0.312653,0.214049,0.293787,0.28415,0.223239,0.348388,0.391974,0.514046,0.49097,0.458114,0.291847,0.628838,0.690961,0.383272,0.680742,3
0.565518,0.081241,0.072327,0.063283,0.466202,0.060506,0.343595,0.131145,0.301403,0.323939,0.312504,0.183619,0.284282,0.372877,0.398912,0.264234,0.522583,0.663587,0.842696,0.81627,0.719891,0.701716,0.886501,0.90671,0.708167,0.846964,3
0.627593,0.093744,0.091198,0.091772,0.58275,0.089164,0.485782,0.085238,0.230982,0.250706,0.24107,0.203465,0.230765,0.378527,0.398912,0.321187,0.51613,0.660493,0.820234,0.813252,0.732987,0.731759,0.923313,0.941699,0.737357,0.878628,3
0.494254,0.134379,0.128936,0.120248,0.438231,0.111468,0.338866,0.144259,0.301403,0.321128,0.315475,0.116628,0.264213,0.389827,0.423498,0.259675,0.558063,0.722227,0.882024,0.83735,0.743447,0.682401,0.904908,0.918373,0.671203,0.854875,3
0.328732,0.384372,0.389942,0.389238,0.310019,0.388539,0.274879,0.396717,0.473241,0.470418,0.440472,0.223325,0.367893,0.344638,0.341537,0.138953,0.416129,0.44444,0.558993,0.503019,0.450266,0,0.616568,0.693883,0.044748,0.696574,3
0.425286,0.418743,0.42453,0.424044,0.414912,0.423567,0.374407,0.396717,0.467607,0.467607,0.443454,0.191061,0.361203,0.423728,0.450822,0,0.580652,0.722227,0.853931,0.843375,0.748684,0.354075,0.904908,0.909619,0.474713,0.841687,3
0.51724,0.35312,0.358493,0.363919,0.501163,0.363059,0.45023,0.35737,0.436613,0.433801,0.41369,0.263031,0.367893,0.454798,0.464478,0.175402,0.596775,0.697533,0.845511,0.822295,0.727751,0.515021,0.855823,0.857149,0.552534,0.796835,3
0.328732,0.384372,0.389942,0.389238,0.310019,0.388539,0.274879,0.396717,0.473241,0.470418,0.440472,0.223325,0.367893,0.344638,0.341537,0.138953,0.416129,0.44444,0.558993,0.503019,0.450266,0,0.616568,0.693883,0.044748,0.696574,3
0.425286,0.418743,0.42453,0.424044,0.414912,0.423567,0.374407,0.396717,0.467607,0.467607,0.443454,0.191061,0.361203,0.423728,0.450822,0,0.580652,0.722227,0.853931,0.843375,0.748684,0.354075,0.904908,0.909619,0.474713,0.841687,3
0.51724,0.35312,0.358493,0.363919,0.501163,0.363059,0.45023,0.35737,0.436613,0.433801,0.41369,0.263031,0.367893,0.454798,0.464478,0.175402,0.596775,0.697533,0.845511,0.822295,0.727751,0.515021,0.855823,0.857149,0.552534,0.796835,3
0.485055,0.084374,0.088059,0.088601,0.480182,0.085987,0.485782,0.068852,0.18873,0.194365,0.157743,0.794046,0.09699,0.381358,0.418033,1,0.554843,0.645067,0.778089,0.734944,0.651834,0.701716,0.785274,0.81342,0.601167,0.751981,4
0.616089,0.074992,0.072327,0.066454,0.641017,0.063686,0.706156,0.108197,0.276056,0.307037,0.309521,1,0.327756,0.497181,0.513662,0.8451,0.64194,0.700613,0.797759,0.698798,0.609947,0.472097,0.717796,0.743443,0.484439,0.701851,4
0.319545,0.025,0.028312,0.031648,0.305353,0.035028,0.281984,0.049176,0.180286,0.180284,0.130949,0.325058,0.023405,0,0,0.460141,0,0.027774,0.168542,0.075302,0.09424,0.671673,0.199383,0.294463,0.710119,0.343007,4
0.526439,0.35312,0.358493,0.370249,0.515142,0.369429,0.497629,0.386887,0.45915,0.456338,0.41666,0.59553,0.324418,0.237285,0.23224,0.767656,0.277415,0.290121,0.407307,0.334344,0.316753,1,0.404901,0.469392,1,0.472299,4
0.563224,0.312498,0.317616,0.319612,0.557105,0.324839,0.535547,0.354098,0.456339,0.459149,0.410707,0.602984,0.28093,0.203394,0.251372,0.931659,0.367745,0.54012,0.761233,0.906626,0.819364,0.650205,0.929448,0.830903,0.577821,0.686019,4
0.547131,0.115626,0.116356,0.120248,0.540787,0.117837,0.5237,0.121314,0.242251,0.239438,0.196432,0.739458,0.113707,0.384177,0.431689,0.972667,0.577419,0.620373,0.797759,0.795178,0.709419,0.491412,0.828221,0.807588,0.443582,0.744059,4
0.367821,0.065623,0.069189,0.072783,0.356644,0.073248,0.338866,0.049176,0.16056,0.169016,0.151791,0.803975,0.153843,0.48305,0.497267,0.831438,0.629036,0.703707,0.820234,0.753005,0.672767,0.435619,0.812876,0.819251,0.377428,0.751981,4
0.351729,0.178118,0.182393,0.180375,0.35897,0.162412,0.405207,0.183607,0.329575,0.3493,0.333334,0.736982,0.317729,0.610173,0.617483,0.731207,0.758065,0.796293,0.862366,0.798196,0.709419,0.369097,0.840491,0.848395,0.348249,0.791556,4
0.379314,0.171867,0.176103,0.180375,0.375288,0.175154,0.39336,0.157376,0.273244,0.276055,0.247024,0.687347,0.19398,0.47458,0.502732,0.81321,0.635488,0.706787,0.831471,0.792172,0.706808,0.480684,0.852764,0.86298,0.424129,0.802112,4
0.365515,0.099995,0.097485,0.11076,0.351981,0.111468,0.327007,0.101641,0.211268,0.205633,0.166667,0.60546,0.09699,0.262715,0.28415,0.817766,0.370964,0.509267,0.688206,0.695779,0.633503,0.515021,0.806754,0.827992,0.447475,0.773091,4
0.367821,0.175,0.179254,0.180375,0.35897,0.178343,0.374407,0.134431,0.250707,0.256341,0.229165,0.744422,0.18394,0.449148,0.472682,0.804105,0.596775,0.69136,0.825851,0.789153,0.704183,0.431325,0.849688,0.848395,0.381321,0.773091,4
0.413793,0.078123,0.081769,0.088601,0.398595,0.089164,0.376772,0.111469,0.233805,0.233803,0.190478,0.41191,0.093638,0.093222,0.133884,0.79499,0.222579,0.429013,0.679784,0.707828,0.662307,0.465662,0.846626,0.860058,0.37938,0.786279,4
0.441378,0.065623,0.062899,0.060124,0.468528,0.054137,0.469194,0.052463,0.185919,0.185919,0.139886,0.647642,0.046826,0.112992,0.125692,0.858774,0.17096,0.256173,0.435399,0.421694,0.403142,0.939912,0.58589,0.664726,0.896893,0.656987,4
0.406899,0.212503,0.213841,0.212022,0.410248,0.207002,0.407583,0.186879,0.290134,0.281688,0.235118,0.558314,0.133775,0.161013,0.172138,0.728934,0.216126,0.28704,0.443821,0.406626,0.38481,0.787553,0.536807,0.597671,0.776262,0.60158,4
0.480456,0.196869,0.191834,0.189875,0.487171,0.184713,0.485782,0.173763,0.278879,0.276055,0.232148,0.640201,0.133775,0.169494,0.174864,0.79499,0.229031,0.299388,0.449439,0.40362,0.374349,0.793988,0.542942,0.603502,0.778215,0.604224,4
0.406899,0.096874,0.094349,0.091772,0.412586,0.089164,0.414689,0.085238,0.208445,0.208444,0.160713,0.585614,0.080259,0.175143,0.191258,0.783601,0.248387,0.336426,0.502809,0.463853,0.442406,0.787553,0.607358,0.670557,0.750975,0.656987,4
0.455176,0.171867,0.172964,0.174043,0.4592,0.171974,0.462089,0.17049,0.278879,0.276055,0.232148,0.62283,0.137127,0.166663,0.174864,0.801821,0.225812,0.299388,0.452255,0.412651,0.387433,0.819739,0.533745,0.615165,0.793775,0.614779,4
0.425286,0.165618,0.169813,0.174043,0.414912,0.171974,0.431277,0.157376,0.278879,0.290134,0.267851,0.75434,0.227428,0.403959,0.426236,0.847386,0.532254,0.601853,0.727535,0.728921,0.651834,0.536477,0.806754,0.827992,0.484439,0.781002,4
0.374714,0.343751,0.352204,0.354432,0.379951,0.353497,0.405207,0.370485,0.487321,0.509857,0.505953,0.630271,0.511695,0.655375,0.661201,0.676539,0.806449,0.833333,0.898879,0.819276,0.719891,0.332619,0.852764,0.854226,0.317118,0.786279,4
0.268962,0.362502,0.367935,0.373421,0.254075,0.382169,0.227491,0.406561,0.478876,0.470418,0.428566,0.354834,0.334445,0.401128,0.426236,0.619587,0.548391,0.657413,0.797759,0.753005,0.670156,0.319738,0.825146,0.830903,0.256809,0.749336,4
0.3977,0.321867,0.327044,0.335443,0.393931,0.337579,0.424171,0.41639,0.552109,0.580279,0.580357,0.56079,0.581942,0.615823,0.622948,0.574034,0.761297,0.808641,0.879222,0.728921,0.623031,0.261803,0.680983,0.670557,0.239296,0.614779,4
0.374714,0.343751,0.352204,0.354432,0.379951,0.353497,0.405207,0.370485,0.487321,0.509857,0.505953,0.630271,0.511695,0.655375,0.661201,0.676539,0.806449,0.833333,0.898879,0.819276,0.719891,0.332619,0.852764,0.854226,0.317118,0.786279,4
0.268962,0.362502,0.367935,0.373421,0.254075,0.382169,0.227491,0.406561,0.478876,0.470418,0.428566,0.354834,0.334445,0.401128,0.426236,0.619587,0.548391,0.657413,0.797759,0.753005,0.670156,0.319738,0.825146,0.830903,0.256809,0.749336,4
0.3977,0.321867,0.327044,0.335443,0.393931,0.337579,0.424171,0.41639,0.552109,0.580279,0.580357,0.56079,0.581942,0.615823,0.622948,0.574034,0.761297,0.808641,0.879222,0.728921,0.623031,0.261803,0.680983,0.670557,0.239296,0.614779,4
0.721842,0.393741,0.39937,0.35759,0.706287,0.312099,0.642181,0.127873,0.214079,0.208444,0.160713,0.406945,0.080259,0.42656,0.475408,0.364466,0.635488,0.799388,0.921354,0.746995,0.633503,0.78326,0.677909,0.629737,0.723738,0.527707,5
0.774719,0.474998,0.481138,0.458864,0.759903,0.426745,0.72512,0.226225,0.261976,0.233803,0.169636,0.466497,0.046826,0.288135,0.341537,0.257404,0.493555,0.740748,0.963485,0.879521,0.732987,0.695271,0.74846,0.676388,0.675095,0.554094,5
0.772413,0.421875,0.427682,0.427216,0.764567,0.407635,0.72512,0.232784,0.2845,0.261974,0.196432,0.491321,0.083611,0.336156,0.382517,0.261961,0.529035,0.70988,0.862366,0.810246,0.693712,0.703858,0.733128,0.690961,0.721785,0.60158,5
0.427591,0.246874,0.251579,0.256329,0.414912,0.251591,0.376772,0.190166,0.292959,0.276055,0.2619,0.163774,0.250834,0.4887,0.505459,0.273349,0.625803,0.706787,0.851129,0.731927,0.636127,0.671673,0.705525,0.655985,0.659535,0.538262,5
0.372421,0.393741,0.41195,0.395568,0.363634,0.385347,0.414689,0.33771,0.430991,0.450704,0.452377,0.838715,0.50502,0.604523,0.595623,0.571749,0.706448,0.679013,0.660113,0.454823,0.38481,0.371238,0.432517,0.46647,0.457201,0.440634,5
0.482762,0.156249,0.157232,0.164557,0.475518,0.165604,0.457348,0.186879,0.242251,0.214079,0.157743,0.2531,0.130438,1,1,0.416861,0.987095,0.740748,0.617981,0.259044,0.188476,0.583684,0.141104,0.209913,0.457201,0.255934,5
0.678164,0.1625,0.169813,0.170887,0.659673,0.159235,0.518959,0.127873,0.321129,0.369014,0.389879,0.290318,0.461531,0.689264,0.680323,0.687927,0.799998,0.703707,0.654495,0.340369,0.267017,0.639477,0.257663,0.297372,0.570036,0.300788,5
0.731041,0.143746,0.150942,0.126578,0.692308,0.098726,0.582934,0.016389,0.166194,0.183097,0.166667,0.297771,0.167223,0.514132,0.538248,0.432807,0.674201,0.753094,0.817418,0.623497,0.53403,0.800423,0.542942,0.501459,0.789882,0.427435,5
0.731041,0.22499,0.226421,0.218352,0.720278,0.191085,0.642181,0.085238,0.225348,0.242248,0.226194,0.352358,0.257522,0.604523,0.622948,0.548973,0.774188,0.76544,0.755627,0.472896,0.382197,0.839053,0.355831,0.329451,0.747083,0.295509,5
0.793105,0.296879,0.301899,0.306966,0.787873,0.302551,0.753556,0.144259,0.185919,0.163383,0.107138,0.503727,0.016716,0.387008,0.434428,0.432807,0.580652,0.70988,0.808996,0.59638,0.492142,0.81115,0.46933,0.425663,0.787941,0.35884,5
0.710349,0.209372,0.213841,0.212022,0.708625,0.210194,0.668239,0.140987,0.236615,0.22817,0.178572,0.464021,0.07357,0.333338,0.368849,0.407746,0.487103,0.604933,0.74439,0.614454,0.528794,0.744629,0.558287,0.530616,0.741249,0.467022,5
0.896553,0.490618,0.496856,0.503158,0.892767,0.503184,0.886249,0.390159,0.380283,0.338032,0.249994,0.786604,0.040137,0.186445,0.259564,0.334848,0.406458,0.660493,0.867984,0.798196,0.685863,0.86051,0.720857,0.68222,0.832691,0.58047,5
0.579316,0.134379,0.132087,0.09493,0.431229,0.092356,0.22275,0.360655,0.518303,0.571834,0.601186,0.255578,0.658864,0.720346,0.693991,0.68337,0.812902,0.737653,0.752812,0.436749,0.335073,0.832607,0.251527,0.227408,0.653701,0.200526,5
0.45747,0.137497,0.128936,0.10126,0.36596,0.076425,0.203785,0.209839,0.36338,0.408453,0.434519,0.133997,0.829425,0.765536,0.718577,0.790433,0.809682,0.65124,0.553375,0.171693,0.104712,0.557933,0.05522,0.125366,0.443582,0.158309,5
0.542532,0.165618,0.163522,0.132907,0.466202,0.111468,0.30569,0.193438,0.416899,0.450704,0.440472,0.101733,0.424746,0.768367,0.797811,0.523924,1,1,0.969105,0.710847,0.58639,0.892695,0.515339,0.425663,0.815178,0.2876,5
0.514946,0.137497,0.135226,0.132907,0.494173,0.127384,0.398101,0.104913,0.259153,0.276055,0.270834,0.106697,0.264213,0.372877,0.407103,0.184504,0.538706,0.71296,0.912919,0.945778,0.848168,0.721021,0.996927,0.941699,0.842417,0.804744,5
0.556318,0.146867,0.147804,0.136081,0.494173,0.117837,0.272514,0.196722,0.36338,0.408453,0.425596,0.062026,0.511695,0.802268,0.80874,0.628702,0.974191,0.898147,0.803378,0.421694,0.337697,0.753216,0.211653,0.174924,0.459142,0.189972,5
0.498854,0.153116,0.150942,0.098101,0.349643,0.089164,0.132704,0.28196,0.45915,0.523937,0.574404,0.24566,0.655512,0.725996,0.699456,0.861047,0.809682,0.666667,0.58427,0.189756,0.130891,0.600858,0.104291,0.169093,0.429963,0.203171,5
0.388501,0.534371,0.540885,0.550637,0.377613,0.554144,0.353078,0.531146,0.574646,0.5662,0.532734,0.243171,0.468221,0.508482,0.516389,0.154898,0.658064,0.873453,0.935394,0.780124,0.657071,0.512868,0.705525,0.68222,0.480547,0.620056,5
0.422992,0.740625,0.745283,0.75,0.41725,0.751585,0.398101,0.708195,0.687318,0.650701,0.595233,0.357323,0.47491,0.454798,0.461752,0.132121,0.570967,0.69136,0.896077,0.894578,0.795807,0.388412,0.941721,0.912541,0.484439,0.807389,5
0.331037,0.656249,0.660378,0.670886,0.319346,0.675159,0.300949,0.672134,0.670416,0.64789,0.601186,0.258067,0.498331,0.420909,0.423498,0.100231,0.525802,0.638893,0.837076,0.85843,0.772251,0.203858,0.960126,0.956271,0.33463,0.870708,5
0.388501,0.534371,0.540885,0.550637,0.377613,0.554144,0.353078,0.531146,0.574646,0.5662,0.532734,0.243171,0.468221,0.508482,0.516389,0.154898,0.658064,0.873453,0.935394,0.780124,0.657071,0.512868,0.705525,0.68222,0.480547,0.620056,5
0.422992,0.740625,0.745283,0.75,0.41725,0.751585,0.398101,0.708195,0.687318,0.650701,0.595233,0.357323,0.47491,0.454798,0.461752,0.132121,0.570967,0.69136,0.896077,0.894578,0.795807,0.388412,0.941721,0.912541,0.484439,0.807389,5
0.331037,0.656249,0.660378,0.670886,0.319346,0.675159,0.300949,0.672134,0.670416,0.64789,0.601186,0.258067,0.498331,0.420909,0.423498,0.100231,0.525802,0.638893,0.837076,0.85843,0.772251,0.203858,0.960126,0.956271,0.33463,0.870708,5
0.839088,0.403124,0.408812,0.414556,0.834501,0.417197,0.812791,0.429506,0.495778,0.490143,0.452377,0.734493,0.374582,0.307905,0.300544,0.551258,0.35806,0.36728,0.471913,0.364454,0.332461,0.261803,0.417172,0.451898,0.241249,0.43008,6
0.885061,0.399992,0.402522,0.408227,0.883441,0.410827,0.869662,0.439336,0.515492,0.512668,0.482142,0.841192,0.411367,0.327687,0.316939,0.642375,0.374197,0.379627,0.485953,0.382528,0.340309,0.29614,0.407975,0.448976,0.252917,0.43799,6
0.878167,0.443745,0.449689,0.455692,0.871786,0.458595,0.841226,0.462295,0.526761,0.521126,0.488094,0.732018,0.40803,0.350288,0.341537,0.494305,0.409677,0.42284,0.514046,0.397596,0.350781,0.160944,0.420246,0.454808,0.16926,0.43799,6
0.843677,0.512501,0.522015,0.531648,0.834501,0.538212,0.812791,0.567207,0.625354,0.625353,0.601186,0.791568,0.555184,0.454798,0.434428,0.583149,0.509678,0.506173,0.592704,0.512049,0.447642,0.242488,0.668712,0.658894,0.235415,0.625334,6
0.841381,0.443745,0.443399,0.452534,0.836826,0.458595,0.822273,0.485241,0.557743,0.557742,0.529764,0.885861,0.478262,0.415259,0.401638,0.883834,0.477418,0.487653,0.578652,0.472896,0.424086,0.740335,0.512265,0.536447,0.649809,0.498675,6
0.944831,0.375003,0.383653,0.38608,0.939395,0.388539,0.924167,0.41639,0.495778,0.495778,0.470236,0.99256,0.404678,0.353107,0.341537,0.979496,0.41291,0.42284,0.516861,0.385547,0.342933,0.751064,0.420246,0.454808,0.663428,0.43799,6
0.813797,0.609377,0.619501,0.62975,0.808854,0.633761,0.793837,0.665576,0.709855,0.709854,0.693448,0.838715,0.655512,0.564971,0.549178,0.699316,0.648393,0.648147,0.721916,0.635546,0.570682,0.358369,0.714722,0.734702,0.322962,0.680742,6
0.829889,0.596876,0.603783,0.610761,0.827499,0.614652,0.789096,0.655732,0.704221,0.70422,0.687495,0.697277,0.648823,0.562152,0.543713,0.507978,0.64194,0.641973,0.696627,0.590356,0.526171,0.160944,0.659503,0.685129,0.186773,0.641155,6
0.83449,0.609377,0.613211,0.623421,0.825172,0.627391,0.791462,0.66229,0.71549,0.718312,0.708337,0.729529,0.678932,0.601692,0.584694,0.551258,0.690325,0.69136,0.747193,0.632528,0.552351,0.231759,0.671773,0.696792,0.204284,0.654354,6
0.822995,0.565624,0.572334,0.575942,0.825172,0.576432,0.800945,0.622942,0.681684,0.687318,0.67262,0.719611,0.635444,0.562152,0.549178,0.558088,0.654845,0.663587,0.735956,0.638552,0.573295,0.163085,0.726993,0.755106,0.173152,0.707117,6
0.862074,0.518752,0.525167,0.534806,0.855469,0.531842,0.829378,0.586881,0.653525,0.653524,0.633933,0.808939,0.595321,0.516951,0.502732,0.685654,0.593556,0.601853,0.691009,0.590356,0.526171,0.379825,0.650306,0.670557,0.336581,0.635877,6
0.868968,0.496868,0.506297,0.512659,0.862471,0.512732,0.83886,0.557378,0.622531,0.628164,0.610121,0.816379,0.568563,0.5,0.489076,0.678812,0.583871,0.59568,0.67135,0.58735,0.523558,0.364803,0.634974,0.658894,0.31907,0.622689,6
0.728735,0.51562,0.522015,0.528476,0.710951,0.531842,0.682463,0.547534,0.605628,0.599993,0.571421,0.660047,0.508358,0.423728,0.415306,0.501136,0.490322,0.503093,0.595507,0.463853,0.405754,0.163085,0.487723,0.516031,0.149808,0.498675,6
0.76552,0.525002,0.531457,0.537977,0.743586,0.538212,0.710898,0.560649,0.616896,0.614085,0.58928,0.672465,0.528426,0.43786,0.426236,0.519366,0.506459,0.509267,0.598323,0.49097,0.439794,0.225324,0.542942,0.562682,0.217902,0.522429,6
0.770119,0.550004,0.559754,0.563296,0.755239,0.566884,0.727486,0.590167,0.642257,0.642256,0.616074,0.699753,0.565211,0.47458,0.461752,0.544415,0.548391,0.552467,0.632021,0.518074,0.460726,0.216737,0.549078,0.565604,0.233462,0.538262,6
0.852876,0.52187,0.525167,0.534806,0.829835,0.538212,0.796203,0.560649,0.619719,0.619719,0.595233,0.749389,0.541805,0.46328,0.450822,0.603641,0.535487,0.546293,0.640455,0.536148,0.473822,0.298281,0.570545,0.594749,0.260702,0.556727,6
0.83449,0.509369,0.518877,0.525318,0.836826,0.525472,0.822273,0.554092,0.619719,0.619719,0.598216,0.878421,0.551832,0.47458,0.459013,0.808664,0.541939,0.54012,0.620784,0.527104,0.471198,0.495705,0.592026,0.623906,0.433856,0.591025,6
0.864368,0.484367,0.490566,0.496828,0.829835,0.499992,0.786733,0.521302,0.585914,0.585913,0.562499,0.707193,0.508358,0.443498,0.431689,0.530754,0.509678,0.51544,0.603941,0.493976,0.439794,0.251075,0.539881,0.556851,0.252917,0.525062,6
0.494254,0.665619,0.679247,0.686703,0.484845,0.687899,0.452606,0.724582,0.766198,0.760563,0.747024,0.42184,0.712366,0.579103,0.560108,0.32346,0.658064,0.641973,0.71068,0.623497,0.554974,0.072967,0.680983,0.708455,0.085603,0.659632,6
0.489655,0.721873,0.723276,0.734182,0.48252,0.735667,0.459712,0.773772,0.808449,0.805637,0.797617,0.493797,0.769233,0.661025,0.64208,0.437353,0.761297,0.750001,0.808996,0.689754,0.609947,0.201716,0.714722,0.72304,0.192607,0.683375,6
0.510347,0.721873,0.729566,0.73734,0.496499,0.742037,0.4763,0.777045,0.811272,0.814083,0.806539,0.478903,0.77926,0.661025,0.644807,0.400915,0.767751,0.756173,0.814614,0.701804,0.623031,0.152357,0.745399,0.763847,0.145915,0.715039,6
0.482762,0.806249,0.814471,0.829113,0.4592,0.831216,0.400478,0.862297,0.867601,0.864791,0.836304,0.305212,0.809356,0.692095,0.674858,0.202735,0.799998,0.808641,0.876406,0.789153,0.698948,0.115879,0.843553,0.860058,0.165368,0.802112,6
0.372421,0.784378,0.783022,0.797465,0.356644,0.799366,0.324643,0.826223,0.845065,0.83943,0.827381,0.322582,0.795977,0.652544,0.628412,0.300683,0.738709,0.7284,0.789326,0.686749,0.609947,0.139487,0.739263,0.758015,0.143974,0.709762,6
0.606901,0.774996,0.770443,0.791135,0.596729,0.786626,0.554499,0.822951,0.839431,0.83943,0.83035,0.513643,0.785949,0.655375,0.633878,0.43508,0.745161,0.7284,0.792141,0.668675,0.58639,0.238194,0.693254,0.717208,0.268486,0.675464,6
0.774719,0.728124,0.745283,0.746828,0.769231,0.697447,0.753556,0.73114,0.816893,0.814083,0.803568,0.811415,0.785949,0.618642,0.590158,0.808664,0.680653,0.626547,0.643258,0.439755,0.371725,0.727467,0.383434,0.370258,0.715952,0.319264,7
0.774719,0.571874,0.578624,0.585443,0.766892,0.589172,0.751178,0.619671,0.667604,0.664781,0.639885,0.803975,0.57859,0.423728,0.401638,0.81321,0.464513,0.432107,0.491572,0.32832,0.287961,0.761803,0.328215,0.346945,0.754868,0.319264,7
0.668965,0.734374,0.742145,0.75,0.666663,0.754777,0.646922,0.790161,0.814083,0.805637,0.794646,0.689823,0.759192,0.548021,0.510924,0.692485,0.577419,0.493827,0.502809,0.286148,0.2356,0.626608,0.214729,0.218654,0.626463,0.184696,7
0.404594,0.740625,0.751573,0.759487,0.396269,0.761147,0.369666,0.770489,0.785911,0.766197,0.732135,0.42928,0.662202,0.43786,0.396174,0.425964,0.435486,0.351853,0.379214,0.18373,0.159684,0.354075,0.190186,0.236148,0.371594,0.242746,7
0.781612,0.781246,0.786174,0.794307,0.776221,0.802545,0.760663,0.836066,0.861968,0.861966,0.854163,0.821346,0.836114,0.720346,0.699456,0.826882,0.825805,0.82408,0.887642,0.804221,0.709419,0.755357,0.831283,0.830903,0.731523,0.759892,7
0.721842,0.781246,0.789312,0.797465,0.715615,0.802545,0.699051,0.839338,0.853522,0.847888,0.83035,0.751864,0.77926,0.539552,0.505459,0.769929,0.580652,0.5216,0.528098,0.316271,0.267017,0.716737,0.273008,0.276968,0.700392,0.240104,7
0.58621,0.856254,0.864789,0.870249,0.585076,0.863051,0.58057,0.816393,0.800003,0.774642,0.735118,0.635236,0.648823,0.429379,0.393447,0.637817,0.441938,0.3642,0.390452,0.16265,0.133505,0.596564,0.107364,0.148689,0.589499,0.163586,7
0.673565,0.853121,0.858499,0.86709,0.664337,0.866244,0.646922,0.862297,0.864791,0.856333,0.839287,0.712158,0.795977,0.612992,0.581967,0.731207,0.680653,0.645067,0.679784,0.509031,0.43717,0.688836,0.472391,0.46647,0.682881,0.414247,7
0.687364,0.853121,0.861638,0.870249,0.680654,0.875793,0.665875,0.895072,0.89014,0.876059,0.860114,0.707193,0.809356,0.573453,0.535522,0.728934,0.603227,0.524693,0.539323,0.331325,0.274865,0.680249,0.279143,0.268228,0.663428,0.226916,7
0.648273,0.846869,0.855348,0.863919,0.643355,0.869421,0.632698,0.872127,0.870424,0.853521,0.833333,0.679906,0.772572,0.53107,0.494541,0.710704,0.564515,0.503093,0.553375,0.364454,0.306281,0.641629,0.309821,0.300294,0.643965,0.248023,7
0.634487,0.853121,0.861638,0.86709,0.613047,0.872613,0.592417,0.849182,0.839431,0.822526,0.788695,0.647642,0.722407,0.485881,0.448084,0.687927,0.503226,0.435187,0.452255,0.231927,0.191101,0.622314,0.171781,0.174924,0.610893,0.142476,7
0.691951,0.843751,0.852209,0.860761,0.687644,0.866244,0.677722,0.849182,0.836619,0.819716,0.794646,0.714647,0.732435,0.502831,0.469943,0.724377,0.535487,0.475307,0.48315,0.280123,0.232989,0.678108,0.230061,0.236148,0.661476,0.203171,7
0.583916,0.809379,0.8239,0.825955,0.557105,0.821654,0.537911,0.760658,0.746472,0.721123,0.67262,0.533503,0.558522,0.271186,0.237705,0.533027,0.251605,0.191361,0.244383,0.036148,0.03403,0.472097,0.039874,0.090377,0.480547,0.100264,7
0.620688,0.809379,0.801892,0.794307,0.587414,0.799366,0.552135,0.737698,0.71549,0.692952,0.648808,0.558314,0.545143,0.299437,0.270493,0.59681,0.296771,0.24692,0.297753,0.093374,0.07592,0.590129,0.064417,0.10204,0.583655,0.116099,7
0.632181,0.831251,0.839631,0.841772,0.6247,0.840765,0.575829,0.819665,0.802813,0.760563,0.705354,0.550873,0.58528,0.299437,0.262303,0.615041,0.277415,0.200614,0.247187,0.027105,0.018324,0.545064,0,0.058308,0.542798,0.08971,7
0.510347,0.815618,0.827051,0.829113,0.508153,0.824846,0.481041,0.822951,0.833796,0.830984,0.806539,0.538467,0.759192,0.559321,0.527318,0.574034,0.606447,0.55864,0.598323,0.415669,0.356017,0.530042,0.386508,0.384843,0.53113,0.33773,7
0.563224,0.815618,0.820761,0.825955,0.557105,0.831216,0.537911,0.839338,0.867601,0.861966,0.842257,0.563278,0.799329,0.579103,0.543713,0.551258,0.622584,0.564813,0.598323,0.418675,0.361253,0.467803,0.398765,0.402338,0.476654,0.364117,7
0.519546,0.862503,0.864789,0.854431,0.505827,0.850312,0.488147,0.845896,0.839431,0.825351,0.803568,0.548384,0.742475,0.511301,0.478146,0.576307,0.545158,0.49692,0.536519,0.364454,0.316753,0.487118,0.349695,0.358596,0.48638,0.321897,7
0.616089,0.828118,0.83648,0.844931,0.608383,0.850312,0.59004,0.8918,0.907042,0.907041,0.901784,0.640201,0.882941,0.717515,0.688527,0.642375,0.806449,0.762347,0.792141,0.641571,0.557587,0.519314,0.650306,0.664726,0.513618,0.617412,7
0.439084,0.940628,0.946543,0.955693,0.431229,0.96178,0.409948,1,1,1,1,0.451616,1,0.844639,0.811467,0.478359,0.951616,0.895066,0.893262,0.728921,0.633503,0.349782,0.723931,0.725949,0.354083,0.662265,7
0.381608,0.884374,0.893088,0.901896,0.36596,0.904464,0.315161,0.79672,0.766198,0.746471,0.705354,0.2531,0.601996,0.358757,0.336072,0.271076,0.380649,0.327159,0.384834,0.225902,0.201571,0.20601,0.260738,0.314866,0.243188,0.308709,7
0.372421,0.924995,0.933965,0.939876,0.363634,0.945861,0.338866,0.986883,0.985908,0.983097,0.97916,0.382134,0.966552,0.745766,0.707646,0.405473,0.819354,0.762347,0.789326,0.66265,0.575918,0.298281,0.656441,0.647231,0.326845,0.58047,7
0.365515,0.884374,0.893088,0.901896,0.351981,0.907641,0.329384,0.944265,0.949292,0.949292,0.940471,0.354834,0.919726,0.711865,0.685788,0.357635,0.799998,0.74692,0.77247,0.620478,0.541879,0.227467,0.628838,0.632659,0.243188,0.564637,7
0.455176,0.928126,0.933965,0.943032,0.447547,0.949038,0.424171,0.95738,0.918309,0.887328,0.845238,0.387099,0.765881,0.471749,0.418033,0.350793,0.451609,0.3426,0.362359,0.204822,0.198948,0.242488,0.266873,0.311957,0.27432,0.319264,7
0.717243,0.331249,0.333334,0.338601,0.706287,0.334387,0.691945,0.350812,0.436613,0.439435,0.404754,0.722087,0.324418,0.282485,0.278697,0.742595,0.332264,0.34568,0.446636,0.33735,0.303669,0.673814,0.386508,0.422741,0.661476,0.40897,8
0.779318,0.318748,0.317616,0.335443,0.752913,0.331209,0.734591,0.363927,0.447881,0.453515,0.422613,0.78164,0.337783,0.296606,0.297818,0.801821,0.35806,0.376547,0.474716,0.367473,0.332461,0.740335,0.420246,0.440235,0.721785,0.435357,8
0.675859,0.434376,0.440261,0.446205,0.678316,0.449047,0.661134,0.472125,0.543663,0.543663,0.517858,0.717122,0.464883,0.403959,0.396174,0.742595,0.474199,0.48148,0.57023,0.466872,0.416226,0.675966,0.521475,0.54811,0.665369,0.525062,8
0.547131,0.462497,0.47171,0.481011,0.538461,0.484074,0.521323,0.508201,0.574646,0.585913,0.565469,0.583125,0.501668,0.418078,0.415306,0.576307,0.500007,0.469133,0.589889,0.487951,0.429322,0.506434,0.509204,0.574345,0.505833,0.543539,8
0.747134,0.334368,0.339624,0.341773,0.74126,0.347127,0.72512,0.370485,0.45915,0.459149,0.425596,0.78908,0.354514,0.274017,0.278697,0.806378,0.332264,0.327159,0.452255,0.33735,0.308905,0.729607,0.380372,0.428572,0.729572,0.390504,8
0.76552,0.440627,0.443399,0.449363,0.734258,0.452225,0.66351,0.462295,0.526761,0.529571,0.505953,0.729529,0.434773,0.384177,0.371588,0.738038,0.438705,0.45988,0.553375,0.442773,0.397906,0.680249,0.493859,0.530616,0.698441,0.503952,8
0.671271,0.634379,0.641522,0.648739,0.664337,0.649679,0.644545,0.66229,0.70141,0.70422,0.687495,0.692312,0.665554,0.550852,0.546451,0.726649,0.654845,0.638893,0.696627,0.644577,0.570682,0.697423,0.665638,0.693883,0.684822,0.678097,8
0.733335,0.52187,0.528305,0.537977,0.722604,0.515924,0.668239,0.498357,0.625354,0.597182,0.550593,0.741933,0.535116,0.42656,0.409842,0.742595,0.525802,0.49692,0.587085,0.512049,0.439794,0.684542,0.570545,0.580176,0.682881,0.577837,8
0.691951,0.51562,0.518877,0.525318,0.687644,0.528664,0.658769,0.547534,0.588725,0.616896,0.571421,0.717122,0.518385,0.449148,0.439892,0.742595,0.554843,0.524693,0.612362,0.542172,0.45549,0.682401,0.598161,0.58893,0.678988,0.588392,8
0.698856,0.474998,0.484276,0.49367,0.678316,0.493622,0.66351,0.488527,0.591548,0.574645,0.523811,0.724565,0.511695,0.415259,0.428963,0.726649,0.500007,0.51852,0.575849,0.469877,0.431934,0.680249,0.524536,0.586008,0.66732,0.53034,8
0.671271,0.493749,0.500008,0.506329,0.664337,0.506362,0.646922,0.537704,0.594359,0.594359,0.565469,0.694788,0.478262,0.440679,0.401638,0.7016,0.464513,0.493827,0.595507,0.472896,0.442406,0.650205,0.512265,0.580176,0.65175,0.514507,8
0.682764,0.525002,0.531457,0.537977,0.67599,0.541404,0.639804,0.55082,0.58028,0.571834,0.553576,0.674941,0.535116,0.418078,0.439892,0.712988,0.503226,0.527773,0.575849,0.466872,0.41885,0.680249,0.564409,0.553941,0.657584,0.522429,8
0.349423,0.5,0.506297,0.512659,0.337989,0.515924,0.312796,0.540976,0.608451,0.605627,0.577374,0.352358,0.518385,0.45763,0.453549,0.382685,0.545158,0.527773,0.626403,0.518074,0.468586,0.29614,0.536807,0.583098,0.303499,0.564637,8
0.480456,0.481248,0.487428,0.465193,0.4592,0.487266,0.421795,0.472125,0.512669,0.515491,0.494047,0.399504,0.428084,0.338988,0.347002,0.382685,0.361293,0.38272,0.519664,0.430724,0.374349,0.324032,0.481588,0.451898,0.348249,0.488131,8
0.459776,0.415625,0.415102,0.420886,0.449885,0.426745,0.431277,0.429506,0.532395,0.484509,0.491064,0.473951,0.431436,0.372877,0.360658,0.501136,0.422581,0.438267,0.528098,0.4247,0.382197,0.429184,0.490797,0.475224,0.453309,0.501319,8
0.503454,0.509369,0.496856,0.5,0.503489,0.499992,0.447865,0.511472,0.577469,0.585913,0.505953,0.508691,0.501668,0.435029,0.415306,0.523924,0.493555,0.506173,0.589889,0.484945,0.41099,0.452792,0.542942,0.565604,0.443582,0.501319,8
0.519546,0.446877,0.452841,0.458864,0.505827,0.461786,0.483406,0.475411,0.543663,0.546474,0.520828,0.511167,0.404678,0.350288,0.412568,0.5467,0.474199,0.450614,0.578652,0.463853,0.390046,0.431325,0.521475,0.551019,0.420237,0.467022,8
0.570117,0.5,0.515725,0.455692,0.547777,0.522294,0.537911,0.534418,0.608451,0.588724,0.559528,0.545908,0.50502,0.43786,0.428963,0.571749,0.529035,0.5216,0.617981,0.506025,0.450266,0.487118,0.555213,0.542279,0.498058,0.556727,8
0.365515,0.656249,0.663529,0.667714,0.35897,0.671967,0.33649,0.704909,0.743661,0.74366,0.732135,0.377169,0.695649,0.601692,0.581967,0.3918,0.680653,0.67284,0.769667,0.650601,0.583767,0.315444,0.736189,0.73178,0.338523,0.707117,8
0.383914,0.643748,0.647812,0.655069,0.377613,0.659241,0.355442,0.688521,0.732392,0.732391,0.71726,0.364764,0.668891,0.573453,0.549178,0.350793,0.629036,0.63272,0.735956,0.626503,0.575918,0.315444,0.671773,0.705545,0.340464,0.693929,8
0.33793,0.668751,0.672957,0.680374,0.326335,0.684707,0.303314,0.714753,0.712678,0.712678,0.702384,0.330023,0.635444,0.53672,0.524592,0.343963,0.619351,0.63272,0.699443,0.605424,0.544502,0.302575,0.69018,0.693883,0.326845,0.656987,8
0.365515,0.656249,0.663529,0.667714,0.35897,0.671967,0.33649,0.704909,0.743661,0.74366,0.732135,0.377169,0.695649,0.601692,0.581967,0.3918,0.680653,0.67284,0.769667,0.650601,0.583767,0.315444,0.736189,0.73178,0.338523,0.707117,8
0.383914,0.643748,0.647812,0.655069,0.377613,0.659241,0.355442,0.688521,0.732392,0.732391,0.71726,0.364764,0.668891,0.573453,0.549178,0.350793,0.629036,0.63272,0.735956,0.626503,0.575918,0.315444,0.671773,0.705545,0.340464,0.693929,8
0.33793,0.668751,0.672957,0.680374,0.326335,0.684707,0.303314,0.714753,0.712678,0.712678,0.702384,0.330023,0.635444,0.53672,0.524592,0.343963,0.619351,0.63272,0.699443,0.605424,0.544502,0.302575,0.69018,0.693883,0.326845,0.656987,8
0.809198,0.596876,0.600631,0.60759,0.804191,0.608282,0.744074,0.554092,0.549298,0.523937,0.479172,0.682382,0.414719,0.542371,0.549178,0.571749,0.670968,0.69136,0.713483,0.460847,0.390046,0.326184,0.463194,0.521862,0.297666,0.543539,9
0.887354,0.584375,0.594341,0.598102,0.850805,0.582802,0.751178,0.495085,0.577469,0.599993,0.616074,0.61539,0.635444,0.502831,0.450822,0.455583,0.500007,0.425933,0.581467,0.756024,0.71728,0.169531,0.852764,0.784262,0.112842,0.683375,9
0.793105,0.653118,0.63837,0.658227,0.790201,0.675159,0.746437,0.596725,0.58028,0.552108,0.50297,0.692312,0.434773,0.587572,0.592897,0.5467,0.716133,0.73148,0.716298,0.487951,0.413614,0.336912,0.487723,0.539357,0.31907,0.559371,9
0.121835,0.525002,0.46542,0.398739,0.188807,0.363059,0.215645,0.255729,0.399996,0.436612,0.45833,0.431756,0.454842,0.429379,0.374314,0.624144,0.383868,0.274693,0.42978,0.391571,0.382197,0.969956,0.52761,0.524784,0.982489,0.40897,9
0.885061,0.634379,0.641522,0.651897,0.881115,0.656049,0.867296,0.642616,0.49859,0.560565,0.711307,0.709682,0.806018,0.624292,0.644807,0.464698,0.709681,0.34568,0.57023,0.725902,0.502614,0.118021,0.28834,0.475224,0.056422,0.783634,9
0.914951,0.596876,0.597493,0.60759,0.913748,0.614652,0.898109,0.649174,0.698587,0.695775,0.666667,0.905707,0.568563,0.435029,0.505459,0.619587,0.683873,0.74692,0.615166,0.286148,0.259157,0.274673,0.512265,0.801757,0.143974,0.868074,9
0.887354,0.721873,0.735855,0.718352,0.860132,0.691077,0.772509,0.452452,0.529572,0.543663,0.553576,0.602984,0.635444,0.694914,0.658464,0.510251,0.738709,0.561733,0.539323,0.43373,0.397906,0.190988,0.595087,0.740534,0.165368,0.802112,9
0.965522,0.718755,0.723276,0.632908,0.857807,0.566884,0.824637,0.554092,0.774643,0.833797,0.845238,0.657571,0.832777,0.364408,0.363384,0.446468,0.506459,0.799388,0.926972,0.554221,0.439794,0.152357,0.536807,0.667647,0.114784,0.820577,9
0.956323,0.740625,0.761015,0.727853,0.918412,0.668789,0.836485,0.426234,0.554932,0.633798,0.696431,0.674941,0.802666,0.4887,0.415306,0.587695,0.451609,0.450614,0.702246,0.804221,0.712044,0.300423,0.708586,0.565604,0.295724,0.485487,9
0.983907,0.681252,0.679247,0.553795,0.862471,0.468156,0.80332,0.409832,0.707044,0.777466,0.806539,0.669977,0.79264,0.307905,0.330607,0.473802,0.490322,0.811734,0.845511,0.40362,0.361253,0.14163,0.506129,0.696792,0.071985,0.773091,9
0.967815,0.771877,0.776732,0.791135,0.918412,0.773886,0.834119,0.501643,0.608451,0.707043,0.773806,0.722087,0.836114,0.43221,0.415306,0.551258,0.496774,0.660493,0.915735,0.728921,0.554974,0.21888,0.555213,0.597671,0.204284,0.686019,9
0.983907,0.771877,0.783022,0.791135,0.93473,0.748407,0.83886,0.445894,0.523937,0.574645,0.654761,0.697277,0.79264,0.584753,0.464478,0.523924,0.454842,0.413587,0.721916,0.804221,0.701571,0.163085,0.592026,0.501459,0.194558,0.477576,9
0.025294,0.418743,0.389942,0.430374,0.072259,0.474526,0.146914,0.73114,0.766198,0.749294,0.711307,0.312653,0.601996,0.347457,0.360658,0.526197,0.470965,0.648147,0.834274,0.707828,0.591626,0.768238,0.595087,0.54811,0.807393,0.485487,9
0.071264,0.384372,0.462269,0.544307,0.167826,0.582802,0.19668,0.691807,0.712678,0.687318,0.624997,0.354834,0.454842,0.307905,0.333334,0.555815,0.441938,0.6142,0.834274,0.756024,0.636127,0.789695,0.604297,0.527694,0.762643,0.443267,9
0.096556,0.315616,0.323906,0.376579,0.088577,0.420375,0.180091,0.711467,0.79718,0.794369,0.773806,0.379658,0.668891,0.268367,0.259564,0.601368,0.316127,0.45988,0.71068,0.710847,0.620419,0.800423,0.674848,0.623906,0.857977,0.525062,9
0.075865,0.387504,0.408812,0.452534,0.144518,0.522294,0.253549,0.803276,0.839431,0.830984,0.782741,0.45658,0.635444,0.347457,0.341537,0.603641,0.429033,0.611107,0.814614,0.746995,0.654448,0.821879,0.733128,0.667647,0.883272,0.593669,9
0,0.350001,0.352204,0.39241,0.020981,0.445855,0.135068,0.799992,0.822529,0.794369,0.752977,0.315141,0.612038,0.336156,0.355193,0.560361,0.470965,0.641973,0.867984,0.743976,0.620419,0.766086,0.641109,0.580176,0.805451,0.474932,9
0.027587,0.278126,0.29561,0.367091,0.069934,0.452225,0.163504,0.708195,0.729581,0.70422,0.651778,0.354834,0.484952,0.268367,0.281423,0.571749,0.380649,0.55864,0.761233,0.650601,0.552351,0.819739,0.552152,0.486887,0.871595,0.40897,9
0.508053,0.665619,0.682399,0.689875,0.494173,0.694269,0.464453,0.698351,0.709855,0.698586,0.651778,0.379658,0.538453,0.449148,0.448084,0.337132,0.538706,0.69136,0.896077,0.75903,0.633503,0.300423,0.668712,0.632659,0.309343,0.556727,9
0.664366,0.64063,0.537746,0.446205,0.51748,0.433115,0.433641,0.721311,0.802813,0.822526,0.824398,0.379658,0.77926,0.401128,0.385244,0.34852,0.474199,0.580253,0.769667,0.73795,0.628267,0.197423,0.634974,0.594749,0.21401,0.554094,9
0.588503,0.774996,0.786174,0.781648,0.566432,0.770695,0.495253,0.547534,0.594359,0.633798,0.663684,0.347393,0.695649,0.652544,0.587432,0.332575,0.638707,0.55556,0.623599,0.695779,0.657071,0.148065,0.650306,0.571436,0.177045,0.498675,9
0.508053,0.665619,0.682399,0.689875,0.494173,0.694269,0.464453,0.698351,0.709855,0.698586,0.651778,0.379658,0.538453,0.449148,0.448084,0.337132,0.538706,0.69136,0.896077,0.75903,0.633503,0.300423,0.668712,0.632659,0.309343,0.556727,9
0.664366,0.64063,0.537746,0.446205,0.51748,0.433115,0.433641,0.721311,0.802813,0.822526,0.824398,0.379658,0.77926,0.401128,0.385244,0.34852,0.474199,0.580253,0.769667,0.73795,0.628267,0.197423,0.634974,0.594749,0.21401,0.554094,9
0.588503,0.774996,0.786174,0.781648,0.566432,0.770695,0.495253,0.547534,0.594359,0.633798,0.663684,0.347393,0.695649,0.652544,0.587432,0.332575,0.638707,0.55556,0.623599,0.695779,0.657071,0.148065,0.650306,0.571436,0.177045,0.498675,9
0.622994,0.753126,0.761015,0.768989,0.61771,0.773886,0.568723,0.740984,0.752106,0.746471,0.732135,0.399504,0.678932,0.460449,0.450822,0.703873,0.532254,0.48148,0.49719,0.349399,0.316753,0.512868,0.328215,0.311957,0.677047,0.279679,10
0.625288,0.8125,0.820761,0.829113,0.620048,0.834393,0.575829,0.793433,0.802813,0.797179,0.785711,0.476427,0.742475,0.50565,0.494541,0.758541,0.583871,0.549387,0.558993,0.415669,0.376961,0.499999,0.386508,0.361518,0.659535,0.31662,10
0.698856,0.784378,0.792464,0.791135,0.631702,0.770695,0.457348,0.777045,0.79718,0.766197,0.693448,0.652606,0.575253,0.440679,0.404377,0.487475,0.44839,0.395067,0.477532,0.225902,0.209421,0.64377,0.245392,0.230317,0.451367,0.205806,10
0.429885,0.825,0.83019,0.794307,0.522144,0.751585,0.632698,0.66229,0.707044,0.678872,0.622027,0.320094,0.471573,0.324856,0.273232,0.617314,0.293552,0.299388,0.390452,0.14157,0.128268,0.281119,0.211653,0.256565,0.461094,0.211082,10
0.754027,0.799998,0.808181,0.816454,0.74825,0.821654,0.727486,0.836066,0.842254,0.842252,0.815476,0.610425,0.722407,0.508482,0.497267,0.726649,0.564515,0.466054,0.511242,0.256024,0.204185,0.774673,0.205518,0.204082,0.51557,0.155674,10
0.710349,0.759376,0.773594,0.781648,0.706287,0.780257,0.770145,0.757372,0.774643,0.777466,0.770835,0.945414,0.692297,0.43786,0.423498,0.583149,0.493555,0.38272,0.387636,0.23795,0.21728,0.641629,0.214729,0.230317,0.476654,0.240104,10
0.544826,0.981249,0.990574,1,0.533798,1,0.502371,0.960652,0.92112,0.932388,0.925597,0.431756,0.87625,0.598873,0.554643,0.359908,0.64194,0.63272,0.536519,0.349399,0.259157,0.330466,0.211653,0.265305,0.404666,0.179416,10
0.609195,0.962497,0.971703,0.965194,0.627038,0.920383,0.744074,0.799992,0.828162,0.802812,0.761899,0.575684,0.68227,0.42656,0.396174,0.801821,0.467746,0.456787,0.466295,0.313252,0.267017,0.671673,0.220864,0.256565,0.694548,0.253302,10
0.664366,0.875005,0.880508,0.870249,0.578086,0.850312,0.41943,0.842624,0.816893,0.788734,0.747024,0.769233,0.668891,0.491531,0.478146,0.510251,0.558063,0.466054,0.514046,0.280123,0.225129,0.429184,0.2638,0.265305,0.638131,0.182061,10
0.758626,0.856254,0.864789,0.860761,0.61771,0.859874,0.45023,0.859013,0.780277,0.738026,0.690478,0.78908,0.642133,0.372877,0.360658,0.560361,0.406458,0.274693,0.337082,0.087351,0.068059,0.461368,0.104291,0.093299,0.649809,0.031662,10
0.731041,0.899992,0.911956,0.89874,0.603731,0.891725,0.424171,0.885244,0.833796,0.7831,0.726182,0.776675,0.662202,0.398309,0.385244,0.526197,0.44839,0.351853,0.418544,0.180724,0.136128,0.472097,0.144177,0.151601,0.655642,0.092349,10
0.666671,0.915626,0.924536,0.930373,0.631702,0.917203,0.400478,0.862297,0.808449,0.735215,0.666667,0.741933,0.618727,0.358757,0.338798,0.603641,0.348388,0.200614,0.266858,0.009045,0.02356,0.523597,0.006135,0,0.741249,0,10
0.432191,0.949997,0.962275,0.920887,0.296038,0.878983,0.059246,0.701637,0.726758,0.723946,0.732135,0.270471,0.68227,0.415259,0.387982,0.432807,0.432252,0.32408,0.331464,0.18675,0.162309,0.248923,0.162571,0.139938,0.412451,0.100264,10
0.531039,0.834369,0.845922,0.85126,0.508153,0.856682,0.36256,0.727868,0.71549,0.709854,0.690478,0.191061,0.652175,0.446329,0.428963,0.551258,0.503226,0.472227,0.508427,0.391571,0.303669,0.231759,0.34356,0.300294,0.457201,0.200526,10
0.411499,0.821867,0.820761,0.781648,0.26573,0.732489,0.085304,0.596725,0.664781,0.676049,0.642855,0.322582,0.531764,0.344638,0.314212,0.446468,0.348388,0.274693,0.317411,0.198799,0.175392,0.253216,0.171781,0.151601,0.466928,0.08971,10
0.485055,0.846869,0.839631,0.794307,0.226106,0.748407,0.052128,0.622942,0.692952,0.698586,0.666667,0.389575,0.591969,0.420909,0.390709,0.567203,0.44839,0.361107,0.390452,0.198799,0.188476,0.20601,0.245392,0.247811,0.490273,0.189972,10
0.425286,0.828118,0.820761,0.75,0.237758,0.691077,0.082941,0.570494,0.636622,0.650701,0.639885,0.416875,0.555184,0.401128,0.371588,0.339405,0.422581,0.354933,0.421347,0.24097,0.18324,0.452792,0.138042,0.180756,0.435797,0.171507,10
0.531039,0.937495,0.946543,0.955693,0.559443,0.952231,0.656392,0.806548,0.802813,0.785911,0.758929,0.57816,0.739123,0.471749,0.434428,0.316628,0.487103,0.41976,0.463479,0.259044,0.222516,0.463521,0.214729,0.224485,0.254868,0.221636,10
0.583916,0.784378,0.795602,0.787977,0.694633,0.789804,0.606628,0.672134,0.66197,0.656335,0.639885,0.521097,0.618727,0.485881,0.437154,0.50342,0.48387,0.4784,0.542138,0.475902,0.421462,0.551499,0.420246,0.405247,0.431904,0.398415,10
0.544826,0.771877,0.776732,0.784806,0.545451,0.792996,0.658769,0.806548,0.816893,0.788734,0.735118,0.580649,0.601996,0.46893,0.437154,0.697043,0.512897,0.524693,0.528098,0.334344,0.314129,0.459227,0.377298,0.379012,0.612844,0.35884,10
0.650579,0.846869,0.858499,0.86709,0.610721,0.856682,0.357819,0.649174,0.70141,0.709854,0.71429,0.558314,0.632106,0.491531,0.442619,0.562646,0.490322,0.453707,0.536519,0.376503,0.327225,0.652358,0.404901,0.425663,0.527238,0.393137,10
0.583916,0.784378,0.795602,0.787977,0.694633,0.789804,0.606628,0.672134,0.66197,0.656335,0.639885,0.521097,0.618727,0.485881,0.437154,0.50342,0.48387,0.4784,0.542138,0.475902,0.421462,0.551499,0.420246,0.405247,0.431904,0.398415,10
0.544826,0.771877,0.776732,0.784806,0.545451,0.792996,0.658769,0.806548,0.816893,0.788734,0.735118,0.580649,0.601996,0.46893,0.437154,0.697043,0.512897,0.524693,0.528098,0.334344,0.314129,0.459227,0.377298,0.379012,0.612844,0.35884,10
0.650579,0.846869,0.858499,0.86709,0.610721,0.856682,0.357819,0.649174,0.70141,0.709854,0.71429,0.558314,0.632106,0.491531,0.442619,0.562646,0.490322,0.453707,0.536519,0.376503,0.327225,0.652358,0.404901,0.425663,0.527238,0.393137,10
1,0.550004,0.556616,0.563296,1,0.563692,1,0.52786,0.585914,0.557742,0.5,0.903232,0.37123,0.53107,0.543713,0.728934,0.664516,0.675933,0.693824,0.40362,0.316753,0.379825,0.315944,0.370258,0.284046,0.414247,11
0.919539,0.487499,0.490566,0.496828,0.913748,0.496814,0.89099,0.429506,0.425357,0.39155,0.336303,0.796535,0.234117,0.429379,0.450822,0.660593,0.570967,0.641973,0.747193,0.575301,0.486906,0.351934,0.484662,0.425663,0.305451,0.335097,11
0.903447,0.615628,0.622652,0.566454,0.909085,0.538212,0.848345,0.354098,0.411265,0.428167,0.443454,0.59553,0.50502,0.635593,0.625686,0.487475,0.729038,0.598773,0.519664,0.307227,0.340309,0.145922,0.687119,0.874643,0.110892,0.976256,11
0.862074,0.5,0.503146,0.512659,0.84848,0.506362,0.812791,0.459009,0.49859,0.504223,0.491064,0.674941,0.488289,0.584753,0.568311,0.571749,0.674201,0.589507,0.561796,0.554221,0.539266,0.195281,0.803679,0.874643,0.1537,0.823222,11
0.933336,0.537503,0.547175,0.556966,0.930066,0.557322,0.914684,0.603283,0.647891,0.588724,0.473219,0.900743,0.210697,0.508482,0.557381,0.615041,0.716133,0.61728,0.438202,0.108431,0.143977,0.20601,0.475465,0.699714,0.180939,0.781002,11
0.905752,0.574993,0.581762,0.566454,0.904422,0.554144,0.848345,0.340982,0.467607,0.523937,0.571421,0.655095,0.655512,0.51977,0.437154,0.473802,0.451609,0.299388,0.42978,0.614454,0.623031,0.154509,0.969323,0.909619,0.12451,0.699207,11
0.905752,0.799998,0.808181,0.860761,0.888104,0.828024,0.881519,0.547534,0.543663,0.523937,0.491064,0.699753,0.451504,0.661025,0.674858,0.603641,0.822586,0.848774,0.879222,0.635546,0.523558,0.291847,0.512265,0.521862,0.210118,0.522429,11
0.878167,0.834369,0.849058,0.829113,0.878788,0.802545,0.860191,0.655732,0.633799,0.599993,0.550593,0.799011,0.494979,0.632774,0.639343,0.706146,0.790326,0.8642,0.867984,0.617473,0.505238,0.390553,0.499994,0.504381,0.264594,0.53034,11
0.83449,0.803131,0.805044,0.768989,0.820508,0.742037,0.815168,0.570494,0.588725,0.569011,0.529764,0.719611,0.478262,0.644074,0.655737,0.646921,0.816135,0.858028,0.893262,0.638552,0.528794,0.336912,0.524536,0.524784,0.239296,0.556727,11
0.790811,0.831251,0.8239,0.781648,0.778546,0.738859,0.751178,0.531146,0.569011,0.577468,0.592263,0.627795,0.638796,0.754234,0.732233,0.446468,0.848396,0.69136,0.615166,0.484945,0.473822,0.171674,0.763804,0.842564,0.093385,0.994721,11
0.88046,0.787497,0.786174,0.791135,0.87645,0.792996,0.843604,0.554092,0.512669,0.512668,0.529764,0.692312,0.591969,0.711865,0.639343,0.482917,0.67742,0.469133,0.48315,0.629522,0.620419,0.118021,0.901833,0.865889,0.050584,0.728227,11
0.822995,0.768745,0.779884,0.731011,0.806518,0.684707,0.793837,0.455738,0.535206,0.571834,0.592263,0.600495,0.642133,0.644074,0.592897,0.444195,0.651612,0.484573,0.522479,0.641571,0.620419,0.163085,0.834356,0.807588,0.085603,0.688652,11
0.887354,0.609377,0.619501,0.632908,0.888104,0.627391,0.80805,0.577051,0.599994,0.574645,0.529764,0.7469,0.458194,0.548021,0.554643,0.635532,0.696777,0.759266,0.865169,0.783127,0.680627,0.33476,0.782212,0.749275,0.315177,0.654354,11
0.871261,0.671869,0.676109,0.63608,0.764567,0.601912,0.687204,0.488527,0.594359,0.62253,0.63095,0.545908,0.652175,0.765536,0.759558,0.419134,0.909685,0.8642,0.859551,0.668675,0.570682,0.197423,0.58589,0.565604,0.202333,0.496042,11
0.919539,0.700003,0.676109,0.683545,0.832163,0.627391,0.722745,0.508201,0.628165,0.664781,0.684525,0.548384,0.752503,0.765536,0.726768,0.325743,0.832258,0.69444,0.65731,0.533129,0.510474,0.038626,0.809814,1,0,1,11
0.873566,0.734374,0.745283,0.753158,0.888104,0.738859,0.831755,0.659018,0.628165,0.597182,0.556546,0.714647,0.501668,0.632774,0.639343,0.578592,0.809682,0.916668,1,0.909643,0.785335,0.272532,0.825146,0.787173,0.287939,0.696574,11
0.942535,0.634379,0.63837,0.63608,0.864798,0.633761,0.822273,0.583609,0.58028,0.557742,0.520828,0.665012,0.471573,0.632774,0.652998,0.560361,0.796779,0.867281,0.974723,0.83433,0.71728,0.233902,0.773001,0.708455,0.27432,0.596302,11
0.848275,0.64063,0.641522,0.655069,0.757577,0.63057,0.684827,0.524588,0.608451,0.630987,0.639885,0.513643,0.645485,0.720346,0.704921,0.405473,0.82904,0.762347,0.727535,0.536148,0.45549,0.186694,0.533745,0.618074,0.165368,0.656987,11
0.687364,0.631247,0.562906,0.443033,0.545451,0.404457,0.41943,0.439336,0.58028,0.614085,0.63095,0.372205,0.662202,0.697745,0.666666,0.284738,0.751613,0.598773,0.530901,0.310246,0.264393,0.021459,0.435578,0.591839,0.015565,0.659632,11
0.611501,0.656249,0.660378,0.623421,0.573422,0.576432,0.469194,0.459009,0.574646,0.594359,0.604168,0.36724,0.675581,0.666675,0.628412,0.300683,0.706448,0.561733,0.502809,0.388552,0.363877,0.152357,0.607358,0.708455,0.155642,0.717672,11
0.70575,0.584375,0.591203,0.591772,0.696971,0.570062,0.618487,0.363927,0.439436,0.453515,0.452377,0.43921,0.47491,0.627124,0.614756,0.359908,0.725804,0.666667,0.581467,0.313252,0.269629,0.124465,0.346621,0.396506,0.122568,0.427435,11
0.687364,0.631247,0.562906,0.443033,0.545451,0.404457,0.41943,0.439336,0.58028,0.614085,0.63095,0.372205,0.662202,0.697745,0.666666,0.284738,0.751613,0.598773,0.530901,0.310246,0.264393,0.021459,0.435578,0.591839,0.015565,0.659632,11
0.611501,0.656249,0.660378,0.623421,0.573422,0.576432,0.469194,0.459009,0.574646,0.594359,0.604168,0.36724,0.675581,0.666675,0.628412,0.300683,0.706448,0.561733,0.502809,0.388552,0.363877,0.152357,0.607358,0.708455,0.155642,0.717672,11
0.70575,0.584375,0.591203,0.591772,0.696971,0.570062,0.618487,0.363927,0.439436,0.453515,0.452377,0.43921,0.47491,0.627124,0.614756,0.359908,0.725804,0.666667,0.581467,0.313252,0.269629,0.124465,0.346621,0.396506,0.122568,0.427435,11
0.744828,0.784378,0.795602,0.806966,0.68298,0.815285,0.554499,0.777045,0.766198,0.740837,0.71429,0.642677,0.668891,0.45763,0.396174,0.765373,0.416129,0.435187,0.558993,0.295178,0.230364,0.493564,0.233122,0.268228,0.63619,0.232192,12
0.682764,0.756244,0.770443,0.791135,0.599067,0.792996,0.521323,0.708195,0.687318,0.667604,0.639885,0.657571,0.591969,0.395478,0.349728,0.781318,0.396773,0.40432,0.502809,0.265056,0.21728,0.469955,0.226999,0.2828,0.626463,0.274412,12
0.675859,0.787497,0.801892,0.835443,0.554779,0.840765,0.452606,0.698351,0.692952,0.690141,0.663684,0.667501,0.622065,0.327687,0.292354,0.717546,0.329032,0.3642,0.407307,0.120479,0.104712,0.635195,0.141104,0.154521,0.745141,0.118731,12
0.349423,0.712504,0.685537,0.63608,0.237758,0.608282,0.265396,0.52786,0.597183,0.597182,0.601186,0.540943,0.535116,0.375708,0.336072,0.384969,0.400006,0.376547,0.438202,0.316271,0.272253,0.551499,0.254603,0.250733,0.47082,0.248023,12
0.747134,0.765627,0.773594,0.781648,0.74126,0.786626,0.722745,0.79672,0.7831,0.774642,0.761899,0.635236,0.739123,0.375708,0.338798,0.769929,0.35806,0.24692,0.317411,0.093374,0.065448,0.542912,0.01227,0.043732,0.669262,0,12
0.694257,0.737493,0.745283,0.753158,0.680654,0.754777,0.680098,0.786875,0.802813,0.791545,0.761899,0.903232,0.695649,0.593222,0.590158,0.687927,0.706448,0.65432,0.632021,0.439755,0.395282,0.834759,0.475465,0.457729,0.859928,0.374672,12
0.602302,0.940628,0.968565,0.946205,0.384615,0.910833,0.357819,0.832779,0.861968,0.842252,0.797617,0.672465,0.668891,0.485881,0.423498,0.362193,0.44839,0.410493,0.477532,0.156627,0.115183,0.444205,0.153374,0.169093,0.377428,0.118731,12
0.698856,0.846869,0.858499,0.882908,0.529134,0.869421,0.426536,0.747542,0.769009,0.754928,0.71726,0.717122,0.608686,0.370058,0.311474,0.49659,0.335483,0.302467,0.339886,0.060245,0.062825,0.439912,0.006135,0.008745,0.498058,0.029023,12
0.737935,0.799998,0.811332,0.819625,0.724942,0.824846,0.561605,0.822951,0.791546,0.780277,0.758929,0.75434,0.709028,0.43786,0.404377,0.553531,0.41291,0.30556,0.398874,0.054222,0.044503,0.523597,0.098154,0.099128,0.453309,0.052772,12
0.496548,0.940628,0.937117,0.952535,0.433567,0.9586,0.329384,0.881958,0.856334,0.867601,0.866068,0.585614,0.802666,0.528251,0.486338,0.432807,0.532254,0.41976,0.477532,0.195779,0.136128,0.508586,0.131907,0.180756,0.391047,0.142476,12
0.650579,0.859372,0.867928,0.886079,0.559443,0.885355,0.44076,0.82951,0.808449,0.805637,0.791663,0.665012,0.729096,0.466099,0.453549,0.53987,0.529035,0.413587,0.424162,0.228921,0.16492,0.622314,0.107364,0.160352,0.443582,0.174139,12
0.666671,0.834369,0.839631,0.86709,0.578086,0.872613,0.424171,0.803276,0.791546,0.791545,0.761899,0.727053,0.652175,0.43786,0.377052,0.501136,0.400006,0.42284,0.407307,0.156627,0.1466,0.384118,0.098154,0.099128,0.519452,0.102903,12
0.503454,1,1,0.962023,0.668988,0.907641,0.597158,0.777045,0.79718,0.771831,0.741071,0.302723,0.652175,0.429379,0.385244,0.681097,0.41291,0.308641,0.373596,0.265056,0.222516,0.362662,0.187113,0.19825,0.490273,0.187338,12
0.572411,0.803131,0.8239,0.848102,0.452211,0.859874,0.284361,0.793433,0.75774,0.738026,0.702384,0.334988,0.625417,0.485881,0.434428,0.829155,0.467746,0.34568,0.348319,0.256024,0.256545,0.330466,0.371163,0.393584,0.301558,0.353562,12
0.595409,0.928126,0.949697,0.987341,0.36596,0.99363,0.199055,0.832779,0.780277,0.752105,0.711307,0.354834,0.655512,0.508482,0.461752,0.753983,0.503226,0.413587,0.508427,0.382528,0.327225,0.195281,0.325153,0.29154,0.295724,0.203171,12
0.590809,0.821867,0.8239,0.854431,0.433567,0.863051,0.234596,0.760658,0.718313,0.687318,0.636903,0.200989,0.545143,0.403959,0.366123,0.665151,0.39032,0.259266,0.317411,0.189756,0.16492,0.302575,0.153374,0.157432,0.315177,0.116099,12
0.498854,0.840621,0.814471,0.778476,0.228431,0.748407,0.16114,0.645902,0.650702,0.642256,0.613091,0.449127,0.57859,0.367227,0.29508,0.840543,0.280647,0.163587,0.241568,0.144576,0.1466,0.278966,0.180976,0.201161,0.270427,0.168862,12
0.505747,0.781246,0.789312,0.791135,0.594403,0.777065,0.630334,0.642616,0.594359,0.552108,0.508923,0.45658,0.464883,0.322037,0.297818,0.207294,0.348388,0.240748,0.269661,0.093374,0.065448,0.575108,0.018405,0.049561,0.496107,0.042216,12
0.409193,0.893756,0.83648,0.772147,0.226106,0.713379,0.400478,0.73114,0.704221,0.633798,0.559528,0.464021,0.468221,0.375708,0.316939,0.282465,0.325813,0.314813,0.505624,0.207828,0.143977,0.259651,0.122696,0.10496,0.301558,0.076518,12
0.482762,0.924995,0.937117,0.949364,0.463864,0.96178,0.312796,0.95738,0.850699,0.81127,0.773806,0.526062,0.826086,0.46328,0.467217,0.403188,0.55161,0.40124,0.514046,0.271079,0.2356,0.390553,0.315944,0.276968,0.507785,0.234824,12
0.563224,0.962497,0.968565,0.946205,0.393931,0.914011,0.296208,0.685249,0.681684,0.695775,0.693448,0.717122,0.648823,0.305086,0.314212,0.421419,0.383868,0.379627,0.345504,0.23795,0.248685,0.577249,0.269935,0.256565,0.466928,0.213714,12
0.409193,0.893756,0.83648,0.772147,0.226106,0.713379,0.400478,0.73114,0.704221,0.633798,0.559528,0.464021,0.468221,0.375708,0.316939,0.282465,0.325813,0.314813,0.505624,0.207828,0.143977,0.259651,0.122696,0.10496,0.301558,0.076518,12
0.482762,0.924995,0.937117,0.949364,0.463864,0.96178,0.312796,0.95738,0.850699,0.81127,0.773806,0.526062,0.826086,0.46328,0.467217,0.403188,0.55161,0.40124,0.514046,0.271079,0.2356,0.390553,0.315944,0.276968,0.507785,0.234824,12
0.563224,0.962497,0.968565,0.946205,0.393931,0.914011,0.296208,0.685249,0.681684,0.695775,0.693448,0.717122,0.648823,0.305086,0.314212,0.421419,0.383868,0.379627,0.345504,0.23795,0.248685,0.577249,0.269935,0.256565,0.466928,0.213714,12
0.779318,0.143746,0.147804,0.167713,0.769231,0.181523,0.734591,0.390159,0.552109,0.594359,0.613091,0.712158,0.662202,0.658194,0.639343,0.487475,0.758065,0.756173,0.783707,0.548197,0.450266,0.156652,0.380372,0.335282,0.221795,0.26649,13
0.885061,0.196869,0.201261,0.212022,0.874125,0.23566,0.83886,0.413119,0.569011,0.605627,0.62798,0.771711,0.658864,0.709046,0.696717,0.512524,0.832258,0.799388,0.834274,0.626503,0.528794,0.122314,0.512265,0.425663,0.198441,0.33773,13
0.864368,0.218754,0.223282,0.249999,0.853144,0.283442,0.800945,0.478683,0.630988,0.66197,0.684525,0.722087,0.722407,0.720346,0.699456,0.551258,0.822586,0.793214,0.839891,0.65362,0.547115,0.197423,0.558287,0.516031,0.221795,0.443267,13
0.190804,0.534371,0.537746,0.544307,0.177153,0.550952,0.149292,0.577051,0.650702,0.66197,0.654761,0.181143,0.628754,0.587572,0.587432,0.284738,0.719352,0.759266,0.865169,0.807227,0.71728,0.499999,0.874231,0.892138,0.593381,0.839053,13
0.786212,0.315616,0.327044,0.329113,0.787873,0.334387,0.772509,0.354098,0.44507,0.44507,0.41666,0.83375,0.337783,0.290954,0.281423,0.831438,0.335483,0.432107,0.696627,0.867472,0.801044,0.47639,1,0.965025,0.365761,0.839053,13
0.340236,0.074992,0.078617,0.085442,0.328673,0.095534,0.289102,0.2459,0.425357,0.464783,0.476189,0.434245,0.50502,0.556502,0.538248,0.7631,0.632255,0.567907,0.536519,0.292172,0.243449,0.841194,0.239257,0.247811,0.803501,0.224271,13
0.268962,0.278126,0.283029,0.287976,0.258739,0.289811,0.229855,0.350812,0.487321,0.512668,0.514876,0.272947,0.511695,0.604523,0.609291,0.466971,0.748395,0.768519,0.839891,0.768073,0.672767,0.851923,0.779136,0.760937,0.87938,0.667542,13
0.257468,0.284377,0.286168,0.284805,0.247087,0.286619,0.220372,0.370485,0.526761,0.560565,0.568451,0.307688,0.568563,0.658194,0.658464,0.669709,0.790326,0.7716,0.755627,0.52108,0.431934,0.92489,0.423307,0.414,0.902727,0.379949,13
0.328732,0.259374,0.264159,0.278476,0.312355,0.296181,0.274879,0.511472,0.647891,0.684506,0.693448,0.508691,0.712366,0.627124,0.590158,0.886107,0.683873,0.580253,0.558993,0.316271,0.259157,0.959215,0.368101,0.37318,0.912453,0.361473,13
0.285052,0.193751,0.198124,0.208864,0.26573,0.226113,0.234596,0.400003,0.563377,0.602816,0.619044,0.382134,0.645485,0.658194,0.644807,0.687927,0.770969,0.706787,0.702246,0.503019,0.424086,0.912009,0.484662,0.472302,0.900774,0.424802,13
0.319545,0.1625,0.166674,0.164557,0.314683,0.162412,0.272514,0.291805,0.473241,0.515491,0.523811,0.354834,0.558522,0.689264,0.680323,0.685654,0.809682,0.753094,0.693824,0.418675,0.356017,0.864803,0.365027,0.364427,0.840464,0.329819,13
0.372421,0.121877,0.125797,0.129751,0.363634,0.127384,0.331749,0.229511,0.402819,0.433801,0.434519,0.39454,0.454842,0.581922,0.576502,0.681097,0.680653,0.623453,0.609547,0.397596,0.340309,0.879825,0.355831,0.349855,0.861869,0.313987,13
0.080463,0.306247,0.311327,0.329113,0.067595,0.331209,0.059246,0.481969,0.611262,0.636622,0.645825,0.270471,0.665554,0.731647,0.710385,0.719819,0.832258,0.74692,0.665732,0.49097,0.41099,0.93776,0.463194,0.481055,0.893001,0.464377,13
0.12414,0.287495,0.292458,0.306966,0.109558,0.321648,0.085304,0.472125,0.616896,0.650701,0.666667,0.322582,0.705676,0.675143,0.64208,0.68337,0.725804,0.66976,0.65731,0.445779,0.390046,0.854075,0.457059,0.437313,0.826845,0.393137,13
0.131034,0.365621,0.396232,0.411385,0.118873,0.455417,0.106633,0.596725,0.71549,0.749294,0.764882,0.392064,0.789288,0.663844,0.625686,0.820052,0.719352,0.648147,0.626403,0.427705,0.366489,0.86051,0.368101,0.399416,0.828796,0.403692,13
0.071264,0.324999,0.342776,0.38608,0.107219,0.417197,0.139809,0.668847,0.785911,0.81127,0.815476,0.491321,0.819397,0.686445,0.650272,0.892937,0.741942,0.6358,0.632021,0.43373,0.374349,0.905574,0.407975,0.41691,0.859928,0.401059,13
0.06437,0.334368,0.336486,0.348102,0.048953,0.369429,0.016587,0.547534,0.681684,0.723946,0.741071,0.250624,0.785949,0.751415,0.724042,0.678812,0.841942,0.80556,0.825851,0.650601,0.552351,0.888411,0.592026,0.580176,0.842417,0.525062,13
0.12414,0.237492,0.248427,0.253158,0.111883,0.248399,0.090045,0.321308,0.487321,0.529571,0.556546,0.233256,0.601996,0.711865,0.693991,0.665151,0.812902,0.762347,0.764049,0.554221,0.447642,0.901281,0.389569,0.405247,0.852143,0.393137,13
0.170113,0.484367,0.503146,0.518989,0.142193,0.525472,0.111374,0.586881,0.664781,0.676049,0.669637,0.158808,0.658864,0.649725,0.64208,0.282465,0.774188,0.80556,0.884839,0.807227,0.714655,0.435619,0.861958,0.871721,0.5,0.810021,13
0.202298,0.453128,0.459131,0.468351,0.191146,0.471334,0.16114,0.540976,0.625354,0.64789,0.654761,0.220836,0.668891,0.672312,0.655737,0.533027,0.783874,0.777773,0.775286,0.578319,0.497378,0.680249,0.57668,0.58893,0.66732,0.548816,13
0.262068,0.418743,0.427682,0.430374,0.25175,0.433115,0.227491,0.468853,0.543663,0.543663,0.517858,0.260542,0.458194,0.45198,0.459013,0.332575,0.564515,0.6358,0.780904,0.798196,0.714655,0.637336,0.849688,0.842564,0.698441,0.765169,13
0.170113,0.484367,0.503146,0.518989,0.142193,0.525472,0.111374,0.586881,0.664781,0.676049,0.669637,0.158808,0.658864,0.649725,0.64208,0.282465,0.774188,0.80556,0.884839,0.807227,0.714655,0.435619,0.861958,0.871721,0.5,0.810021,13
0.202298,0.453128,0.459131,0.468351,0.191146,0.471334,0.16114,0.540976,0.625354,0.64789,0.654761,0.220836,0.668891,0.672312,0.655737,0.533027,0.783874,0.777773,0.775286,0.578319,0.497378,0.680249,0.57668,0.58893,0.66732,0.548816,13
0.262068,0.418743,0.427682,0.430374,0.25175,0.433115,0.227491,0.468853,0.543663,0.543663,0.517858,0.260542,0.458194,0.45198,0.459013,0.332575,0.564515,0.6358,0.780904,0.798196,0.714655,0.637336,0.849688,0.842564,0.698441,0.765169,13
0.839088,0.537503,0.547175,0.553795,0.834501,0.554144,0.817532,0.537704,0.560566,0.538028,0.485111,0.808939,0.364541,0.098873,0.065578,0.619587,0.045166,0,0.115168,0.057228,0.096863,0.165239,0.282205,0.419832,0.157592,0.498675,14
0.845982,0.534371,0.544036,0.544307,0.839151,0.541404,0.800945,0.459009,0.478876,0.44507,0.380956,0.749389,0.220738,0.079091,0.0847,0.460141,0.112906,0.2284,0.480335,0.542172,0.518322,0.160944,0.754595,0.860058,0.208176,0.873351,14
0.845982,0.546872,0.550326,0.550637,0.839151,0.550952,0.812791,0.472125,0.507047,0.481686,0.431549,0.796535,0.30435,0.115823,0.103833,0.612756,0.112906,0.123454,0.250003,0.192773,0.201571,0.244629,0.349695,0.457729,0.231521,0.506597,14
0.255174,0.587494,0.591203,0.594931,0.244749,0.601912,0.220372,0.613113,0.642257,0.625353,0.58631,0.277911,0.484952,0.299437,0.28415,0.421419,0.32258,0.333333,0.415729,0.277104,0.251309,0.650205,0.33435,0.387753,0.708167,0.395782,14
0.82069,0.449996,0.455979,0.462022,0.818183,0.464965,0.800945,0.491799,0.563377,0.5662,0.538687,0.863526,0.488289,0.395478,0.366123,0.865604,0.409677,0.299388,0.278095,0,0,0.358369,0.076687,0.241979,0.22957,0.401059,14
0.797704,0.728124,0.738994,0.734182,0.794864,0.729297,0.784355,0.675405,0.647891,0.605627,0.535717,0.7742,0.357851,0.076272,0.068306,0.412303,0.087096,0.172841,0.39607,0.430724,0.416226,0.203858,0.616568,0.720117,0.28988,0.757258,14
0.052878,0.759376,0.767305,0.775318,0.03496,0.777065,0.002364,0.701637,0.695776,0.673238,0.624997,0.059551,0.581942,0.279666,0.245907,0.305242,0.258059,0.197533,0.297753,0.201804,0.193712,0.648064,0.306747,0.390675,0.700392,0.416891,14
0.066666,0.712504,0.716986,0.718352,0.051278,0.713379,0.03554,0.554092,0.546474,0.515491,0.470236,0.171214,0.351162,0.144062,0.14754,0.580864,0.187098,0.26544,0.446636,0.445779,0.426698,0.849781,0.647232,0.725949,0.861869,0.720317,14
0.117249,0.843751,0.855348,0.86709,0.102567,0.869421,0.075833,0.852455,0.814083,0.777466,0.71726,0.133997,0.568563,0.271186,0.240442,0.423692,0.270963,0.293214,0.455058,0.43373,0.400518,0.791836,0.598161,0.690961,0.801559,0.699207,14
0.135635,0.778128,0.786174,0.794307,0.125875,0.802545,0.101891,0.816393,0.805636,0.771831,0.726182,0.141439,0.591969,0.285316,0.251372,0.359908,0.274196,0.21296,0.331464,0.277104,0.274865,0.781108,0.432517,0.54811,0.803501,0.609502,14
0.08965,0.793747,0.805044,0.813296,0.074584,0.821654,0.049764,0.688521,0.639433,0.585913,0.505953,0.188585,0.351162,0.192095,0.199462,0.59681,0.258059,0.330254,0.516861,0.58735,0.562823,0.78326,0.788347,0.833823,0.772369,0.775725,14
0.165513,0.756244,0.764153,0.768989,0.153847,0.773886,0.135068,0.809834,0.842254,0.830984,0.785711,0.143915,0.638796,0.254234,0.204927,0.419134,0.209674,0.231481,0.393254,0.412651,0.413614,0.79613,0.647232,0.746365,0.784048,0.72295,14
0.011494,0.424994,0.433971,0.433545,0,0.417197,0,0.321308,0.380283,0.3493,0.28571,0.196025,0.127086,0.04237,0.046459,0.615041,0.064522,0.15432,0.376412,0.442773,0.416226,0.974237,0.662577,0.708455,0.929964,0.664909,14
0.098849,0.484367,0.46542,0.443033,0.109558,0.436307,0.082941,0.35737,0.380283,0.354933,0.288694,0.285353,0.147155,0.02542,0.030063,0.706146,0.048384,0.160493,0.390452,0.457828,0.450266,0.944205,0.680983,0.725949,0.883272,0.675464,14
0.131034,0.525002,0.531457,0.525318,0.116548,0.525472,0.082941,0.426234,0.467607,0.44507,0.380956,0.24566,0.227428,0.053671,0.051923,0.722092,0.077412,0.216053,0.491572,0.593375,0.552351,0.929183,0.684044,0.679298,0.881322,0.622689,14
0.091957,0.496868,0.487428,0.484182,0.088577,0.480896,0.073458,0.452452,0.501413,0.490143,0.452377,0.121579,0.357851,0.268367,0.254099,0.339405,0.293552,0.290121,0.382019,0.26205,0.246072,0.609434,0.33435,0.393584,0.669262,0.403692,14
0.045973,0.371871,0.383653,0.38608,0.025645,0.382169,0.004741,0.406561,0.478876,0.473241,0.443454,0.08685,0.37123,0.282485,0.270493,0.227796,0.306457,0.290121,0.387636,0.228921,0.204185,0.420597,0.242331,0.276968,0.51557,0.26649,14
0.147127,0.51562,0.525167,0.541135,0.109558,0.541404,0.106633,0.51803,0.532395,0.512668,0.476189,0.220836,0.387961,0.121473,0.098368,0.537585,0.096769,0.098773,0.255621,0.216873,0.227752,0.914163,0.414111,0.551019,0.928013,0.598947,14
0.618394,0.821867,0.83019,0.841772,0.613047,0.847135,0.594781,0.885244,0.901407,0.901406,0.895833,0.647642,0.882941,0.737297,0.707646,0.665151,0.82904,0.774693,0.780904,0.614454,0.536643,0.484977,0.616568,0.623906,0.441631,0.58047,14
0.675859,0.862503,0.871079,0.879749,0.668988,0.882163,0.651651,0.918032,0.926756,0.926755,0.928566,0.714647,0.923078,0.776835,0.737697,0.706146,0.854847,0.780867,0.789326,0.629522,0.544502,0.579401,0.628838,0.632659,0.538915,0.585747,14
0.652873,0.768745,0.776732,0.787977,0.645681,0.792996,0.627957,0.82951,0.850699,0.850698,0.839287,0.687347,0.812708,0.649725,0.620221,0.697043,0.719352,0.67284,0.702246,0.551202,0.48167,0.560086,0.567484,0.58893,0.517511,0.554094,14
0.618394,0.821867,0.83019,0.841772,0.613047,0.847135,0.594781,0.885244,0.901407,0.901406,0.895833,0.647642,0.882941,0.737297,0.707646,0.665151,0.82904,0.774693,0.780904,0.614454,0.536643,0.484977,0.616568,0.623906,0.441631,0.58047,14
0.675859,0.862503,0.871079,0.879749,0.668988,0.882163,0.651651,0.918032,0.926756,0.926755,0.928566,0.714647,0.923078,0.776835,0.737697,0.706146,0.854847,0.780867,0.789326,0.629522,0.544502,0.579401,0.628838,0.632659,0.538915,0.585747,14
0.652873,0.768745,0.776732,0.787977,0.645681,0.792996,0.627957,0.82951,0.850699,0.850698,0.839287,0.687347,0.812708,0.649725,0.620221,0.697043,0.719352,0.67284,0.702246,0.551202,0.48167,0.560086,0.567484,0.58893,0.517511,0.554094,14
